"radius","replicate","seed","n_balls","total_pairs","n_qualifying_pairs","pair_prevalence"
1.4,1,20261816,29,406,66,0.16256157635468
1.4,2,20262825,27,351,50,0.142450142450142
1.4,3,20263834,28,378,51,0.134920634920635
1.4,4,20264843,28,378,61,0.161375661375661
1.4,5,20265852,27,351,52,0.148148148148148
1.4,6,20266861,26,325,59,0.181538461538462
1.4,7,20267870,25,300,41,0.136666666666667
1.4,8,20268879,25,300,50,0.166666666666667
1.4,9,20269888,25,300,42,0.14
1.4,10,20270897,28,378,65,0.171957671957672
1.4,11,20271906,23,253,39,0.154150197628458
1.4,12,20272915,25,300,43,0.143333333333333
1.4,13,20273924,28,378,56,0.148148148148148
1.4,14,20274933,29,406,52,0.12807881773399
1.4,15,20275942,29,406,60,0.147783251231527
1.4,16,20276951,26,325,57,0.175384615384615
1.4,17,20277960,24,276,42,0.152173913043478
1.4,18,20278969,28,378,63,0.166666666666667
1.4,19,20279978,24,276,33,0.119565217391304
1.4,20,20280987,25,300,50,0.166666666666667
1.4,21,20281996,27,351,61,0.173789173789174
1.4,22,20283005,30,435,65,0.149425287356322
1.4,23,20284014,26,325,51,0.156923076923077
1.4,24,20285023,26,325,61,0.187692307692308
1.4,25,20286032,27,351,52,0.148148148148148
1.4,26,20287041,25,300,44,0.146666666666667
1.4,27,20288050,25,300,41,0.136666666666667
1.4,28,20289059,27,351,54,0.153846153846154
1.4,29,20290068,27,351,51,0.145299145299145
1.4,30,20291077,25,300,41,0.136666666666667
1.4,31,20292086,28,378,56,0.148148148148148
1.4,32,20293095,27,351,58,0.165242165242165
1.4,33,20294104,28,378,55,0.145502645502645
1.4,34,20295113,30,435,77,0.177011494252874
1.4,35,20296122,28,378,60,0.158730158730159
1.4,36,20297131,27,351,55,0.156695156695157
1.4,37,20298140,24,276,49,0.177536231884058
1.4,38,20299149,26,325,52,0.16
1.4,39,20300158,26,325,51,0.156923076923077
1.4,40,20301167,26,325,50,0.153846153846154
1.4,41,20302176,27,351,54,0.153846153846154
1.4,42,20303185,25,300,43,0.143333333333333
1.4,43,20304194,26,325,44,0.135384615384615
1.4,44,20305203,28,378,53,0.14021164021164
1.4,45,20306212,26,325,54,0.166153846153846
1.4,46,20307221,26,325,48,0.147692307692308
1.4,47,20308230,25,300,43,0.143333333333333
1.4,48,20309239,27,351,51,0.145299145299145
1.4,49,20310248,25,300,44,0.146666666666667
1.4,50,20311257,23,253,36,0.142292490118577
1.4,51,20312266,26,325,50,0.153846153846154
1.4,52,20313275,27,351,50,0.142450142450142
1.4,53,20314284,26,325,52,0.16
1.4,54,20315293,27,351,58,0.165242165242165
1.4,55,20316302,28,378,63,0.166666666666667
1.4,56,20317311,28,378,59,0.156084656084656
1.4,57,20318320,27,351,52,0.148148148148148
1.4,58,20319329,27,351,51,0.145299145299145
1.4,59,20320338,27,351,55,0.156695156695157
1.4,60,20321347,27,351,47,0.133903133903134
1.4,61,20322356,26,325,49,0.150769230769231
1.4,62,20323365,25,300,45,0.15
1.4,63,20324374,27,351,50,0.142450142450142
1.4,64,20325383,29,406,65,0.160098522167488
1.4,65,20326392,27,351,53,0.150997150997151
1.4,66,20327401,27,351,58,0.165242165242165
1.4,67,20328410,28,378,65,0.171957671957672
1.4,68,20329419,28,378,57,0.150793650793651
1.4,69,20330428,25,300,41,0.136666666666667
1.4,70,20331437,30,435,75,0.172413793103448
1.4,71,20332446,25,300,51,0.17
1.4,72,20333455,26,325,48,0.147692307692308
1.4,73,20334464,26,325,53,0.163076923076923
1.4,74,20335473,29,406,60,0.147783251231527
1.4,75,20336482,25,300,52,0.173333333333333
1.4,76,20337491,27,351,53,0.150997150997151
1.4,77,20338500,33,528,78,0.147727272727273
1.4,78,20339509,24,276,45,0.16304347826087
1.4,79,20340518,27,351,50,0.142450142450142
1.4,80,20341527,25,300,47,0.156666666666667
1.4,81,20342536,28,378,57,0.150793650793651
1.4,82,20343545,25,300,48,0.16
1.4,83,20344554,26,325,55,0.169230769230769
1.4,84,20345563,29,406,75,0.184729064039409
1.4,85,20346572,26,325,62,0.190769230769231
1.4,86,20347581,28,378,44,0.116402116402116
1.4,87,20348590,29,406,66,0.16256157635468
1.4,88,20349599,24,276,54,0.195652173913043
1.4,89,20350608,28,378,58,0.153439153439153
1.4,90,20351617,26,325,56,0.172307692307692
1.4,91,20352626,22,231,41,0.177489177489178
1.4,92,20353635,27,351,49,0.13960113960114
1.4,93,20354644,26,325,56,0.172307692307692
1.4,94,20355653,32,496,78,0.157258064516129
1.4,95,20356662,26,325,45,0.138461538461538
1.4,96,20357671,26,325,48,0.147692307692308
1.4,97,20358680,26,325,49,0.150769230769231
1.4,98,20359689,27,351,54,0.153846153846154
1.4,99,20360698,25,300,41,0.136666666666667
1.4,100,20361707,24,276,45,0.16304347826087
1.4,101,20362716,25,300,49,0.163333333333333
1.4,102,20363725,26,325,55,0.169230769230769
1.4,103,20364734,26,325,48,0.147692307692308
1.4,104,20365743,25,300,48,0.16
1.4,105,20366752,26,325,38,0.116923076923077
1.4,106,20367761,27,351,49,0.13960113960114
1.4,107,20368770,28,378,51,0.134920634920635
1.4,108,20369779,26,325,56,0.172307692307692
1.4,109,20370788,24,276,40,0.144927536231884
1.4,110,20371797,24,276,44,0.159420289855072
1.4,111,20372806,28,378,64,0.169312169312169
1.4,112,20373815,28,378,54,0.142857142857143
1.4,113,20374824,28,378,62,0.164021164021164
1.4,114,20375833,26,325,58,0.178461538461538
1.4,115,20376842,28,378,73,0.193121693121693
1.4,116,20377851,26,325,55,0.169230769230769
1.4,117,20378860,27,351,59,0.168091168091168
1.4,118,20379869,28,378,60,0.158730158730159
1.4,119,20380878,27,351,52,0.148148148148148
1.4,120,20381887,26,325,49,0.150769230769231
1.4,121,20382896,27,351,56,0.15954415954416
1.4,122,20383905,28,378,64,0.169312169312169
1.4,123,20384914,29,406,69,0.169950738916256
1.4,124,20385923,26,325,55,0.169230769230769
1.4,125,20386932,28,378,63,0.166666666666667
1.4,126,20387941,27,351,53,0.150997150997151
1.4,127,20388950,28,378,48,0.126984126984127
1.4,128,20389959,27,351,53,0.150997150997151
1.4,129,20390968,25,300,46,0.153333333333333
1.4,130,20391977,24,276,41,0.148550724637681
1.4,131,20392986,25,300,47,0.156666666666667
1.4,132,20393995,28,378,60,0.158730158730159
1.4,133,20395004,25,300,49,0.163333333333333
1.4,134,20396013,29,406,70,0.172413793103448
1.4,135,20397022,25,300,40,0.133333333333333
1.4,136,20398031,26,325,53,0.163076923076923
1.4,137,20399040,26,325,50,0.153846153846154
1.4,138,20400049,26,325,53,0.163076923076923
1.4,139,20401058,26,325,53,0.163076923076923
1.4,140,20402067,27,351,59,0.168091168091168
1.4,141,20403076,27,351,54,0.153846153846154
1.4,142,20404085,26,325,43,0.132307692307692
1.4,143,20405094,28,378,63,0.166666666666667
1.4,144,20406103,24,276,48,0.173913043478261
1.4,145,20407112,27,351,60,0.170940170940171
1.4,146,20408121,27,351,61,0.173789173789174
1.4,147,20409130,27,351,52,0.148148148148148
1.4,148,20410139,27,351,60,0.170940170940171
1.4,149,20411148,28,378,56,0.148148148148148
1.4,150,20412157,28,378,61,0.161375661375661
1.4,151,20413166,28,378,58,0.153439153439153
1.4,152,20414175,27,351,45,0.128205128205128
1.4,153,20415184,26,325,47,0.144615384615385
1.4,154,20416193,28,378,60,0.158730158730159
1.4,155,20417202,24,276,43,0.155797101449275
1.4,156,20418211,30,435,59,0.135632183908046
1.4,157,20419220,27,351,55,0.156695156695157
1.4,158,20420229,30,435,71,0.163218390804598
1.4,159,20421238,25,300,55,0.183333333333333
1.4,160,20422247,31,465,64,0.137634408602151
1.4,161,20423256,24,276,42,0.152173913043478
1.4,162,20424265,28,378,51,0.134920634920635
1.4,163,20425274,23,253,38,0.150197628458498
1.4,164,20426283,25,300,44,0.146666666666667
1.4,165,20427292,27,351,59,0.168091168091168
1.4,166,20428301,27,351,52,0.148148148148148
1.4,167,20429310,26,325,60,0.184615384615385
1.4,168,20430319,25,300,42,0.14
1.4,169,20431328,26,325,49,0.150769230769231
1.4,170,20432337,27,351,47,0.133903133903134
1.4,171,20433346,27,351,51,0.145299145299145
1.4,172,20434355,26,325,49,0.150769230769231
1.4,173,20435364,22,231,37,0.16017316017316
1.4,174,20436373,29,406,63,0.155172413793103
1.4,175,20437382,28,378,60,0.158730158730159
1.4,176,20438391,26,325,55,0.169230769230769
1.4,177,20439400,27,351,56,0.15954415954416
1.4,178,20440409,27,351,63,0.179487179487179
1.4,179,20441418,31,465,68,0.146236559139785
1.4,180,20442427,26,325,51,0.156923076923077
1.4,181,20443436,25,300,49,0.163333333333333
1.4,182,20444445,25,300,49,0.163333333333333
1.4,183,20445454,27,351,53,0.150997150997151
1.4,184,20446463,26,325,48,0.147692307692308
1.4,185,20447472,25,300,53,0.176666666666667
1.4,186,20448481,24,276,41,0.148550724637681
1.4,187,20449490,25,300,40,0.133333333333333
1.4,188,20450499,26,325,58,0.178461538461538
1.4,189,20451508,30,435,59,0.135632183908046
1.4,190,20452517,25,300,51,0.17
1.4,191,20453526,27,351,56,0.15954415954416
1.4,192,20454535,27,351,50,0.142450142450142
1.4,193,20455544,27,351,44,0.125356125356125
1.4,194,20456553,26,325,46,0.141538461538462
1.4,195,20457562,29,406,63,0.155172413793103
1.4,196,20458571,27,351,45,0.128205128205128
1.4,197,20459580,29,406,67,0.165024630541872
1.4,198,20460589,28,378,64,0.169312169312169
1.4,199,20461598,27,351,57,0.162393162393162
1.4,200,20462607,28,378,57,0.150793650793651
1.4,201,20463616,26,325,61,0.187692307692308
1.4,202,20464625,27,351,61,0.173789173789174
1.4,203,20465634,27,351,54,0.153846153846154
1.4,204,20466643,26,325,52,0.16
1.4,205,20467652,28,378,54,0.142857142857143
1.4,206,20468661,27,351,63,0.179487179487179
1.4,207,20469670,28,378,62,0.164021164021164
1.4,208,20470679,25,300,52,0.173333333333333
1.4,209,20471688,26,325,44,0.135384615384615
1.4,210,20472697,27,351,61,0.173789173789174
1.4,211,20473706,24,276,42,0.152173913043478
1.4,212,20474715,27,351,47,0.133903133903134
1.4,213,20475724,27,351,66,0.188034188034188
1.4,214,20476733,28,378,51,0.134920634920635
1.4,215,20477742,26,325,46,0.141538461538462
1.4,216,20478751,30,435,67,0.154022988505747
1.4,217,20479760,28,378,55,0.145502645502645
1.4,218,20480769,24,276,42,0.152173913043478
1.4,219,20481778,26,325,52,0.16
1.4,220,20482787,29,406,69,0.169950738916256
1.4,221,20483796,26,325,52,0.16
1.4,222,20484805,29,406,63,0.155172413793103
1.4,223,20485814,25,300,46,0.153333333333333
1.4,224,20486823,28,378,55,0.145502645502645
1.4,225,20487832,24,276,43,0.155797101449275
1.4,226,20488841,22,231,33,0.142857142857143
1.4,227,20489850,29,406,65,0.160098522167488
1.4,228,20490859,27,351,55,0.156695156695157
1.4,229,20491868,27,351,59,0.168091168091168
1.4,230,20492877,27,351,47,0.133903133903134
1.4,231,20493886,28,378,64,0.169312169312169
1.4,232,20494895,27,351,62,0.176638176638177
1.4,233,20495904,30,435,71,0.163218390804598
1.4,234,20496913,30,435,80,0.183908045977011
1.4,235,20497922,26,325,48,0.147692307692308
1.4,236,20498931,25,300,44,0.146666666666667
1.4,237,20499940,27,351,58,0.165242165242165
1.4,238,20500949,28,378,63,0.166666666666667
1.4,239,20501958,26,325,54,0.166153846153846
1.4,240,20502967,25,300,49,0.163333333333333
1.4,241,20503976,25,300,44,0.146666666666667
1.4,242,20504985,30,435,65,0.149425287356322
1.4,243,20505994,29,406,65,0.160098522167488
1.4,244,20507003,29,406,61,0.150246305418719
1.4,245,20508012,31,465,78,0.167741935483871
1.4,246,20509021,28,378,60,0.158730158730159
1.4,247,20510030,26,325,48,0.147692307692308
1.4,248,20511039,25,300,48,0.16
1.4,249,20512048,28,378,67,0.177248677248677
1.4,250,20513057,26,325,52,0.16
1.4,251,20514066,26,325,51,0.156923076923077
1.4,252,20515075,25,300,50,0.166666666666667
1.4,253,20516084,28,378,54,0.142857142857143
1.4,254,20517093,27,351,53,0.150997150997151
1.4,255,20518102,28,378,65,0.171957671957672
1.4,256,20519111,24,276,45,0.16304347826087
1.4,257,20520120,27,351,50,0.142450142450142
1.4,258,20521129,27,351,60,0.170940170940171
1.4,259,20522138,27,351,56,0.15954415954416
1.4,260,20523147,24,276,49,0.177536231884058
1.4,261,20524156,26,325,47,0.144615384615385
1.4,262,20525165,29,406,66,0.16256157635468
1.4,263,20526174,28,378,65,0.171957671957672
1.4,264,20527183,29,406,71,0.17487684729064
1.4,265,20528192,27,351,62,0.176638176638177
1.4,266,20529201,25,300,46,0.153333333333333
1.4,267,20530210,27,351,47,0.133903133903134
1.4,268,20531219,27,351,52,0.148148148148148
1.4,269,20532228,29,406,68,0.167487684729064
1.4,270,20533237,24,276,39,0.141304347826087
1.4,271,20534246,28,378,61,0.161375661375661
1.4,272,20535255,26,325,58,0.178461538461538
1.4,273,20536264,27,351,60,0.170940170940171
1.4,274,20537273,26,325,56,0.172307692307692
1.4,275,20538282,25,300,53,0.176666666666667
1.4,276,20539291,27,351,46,0.131054131054131
1.4,277,20540300,26,325,46,0.141538461538462
1.4,278,20541309,26,325,54,0.166153846153846
1.4,279,20542318,28,378,60,0.158730158730159
1.4,280,20543327,26,325,50,0.153846153846154
1.4,281,20544336,24,276,44,0.159420289855072
1.4,282,20545345,27,351,53,0.150997150997151
1.4,283,20546354,27,351,61,0.173789173789174
1.4,284,20547363,25,300,48,0.16
1.4,285,20548372,26,325,50,0.153846153846154
1.4,286,20549381,27,351,47,0.133903133903134
1.4,287,20550390,26,325,57,0.175384615384615
1.4,288,20551399,27,351,60,0.170940170940171
1.4,289,20552408,27,351,58,0.165242165242165
1.4,290,20553417,25,300,45,0.15
1.4,291,20554426,27,351,57,0.162393162393162
1.4,292,20555435,25,300,43,0.143333333333333
1.4,293,20556444,27,351,50,0.142450142450142
1.4,294,20557453,27,351,52,0.148148148148148
1.4,295,20558462,28,378,62,0.164021164021164
1.4,296,20559471,23,253,42,0.16600790513834
1.4,297,20560480,30,435,74,0.170114942528736
1.4,298,20561489,27,351,58,0.165242165242165
1.4,299,20562498,30,435,65,0.149425287356322
1.4,300,20563507,26,325,50,0.153846153846154
1.4,301,20564516,27,351,51,0.145299145299145
1.4,302,20565525,30,435,68,0.15632183908046
1.4,303,20566534,28,378,66,0.174603174603175
1.4,304,20567543,28,378,63,0.166666666666667
1.4,305,20568552,25,300,51,0.17
1.4,306,20569561,27,351,56,0.15954415954416
1.4,307,20570570,26,325,46,0.141538461538462
1.4,308,20571579,23,253,39,0.154150197628458
1.4,309,20572588,27,351,47,0.133903133903134
1.4,310,20573597,29,406,69,0.169950738916256
1.4,311,20574606,25,300,45,0.15
1.4,312,20575615,25,300,48,0.16
1.4,313,20576624,30,435,82,0.188505747126437
1.4,314,20577633,25,300,51,0.17
1.4,315,20578642,24,276,44,0.159420289855072
1.4,316,20579651,29,406,59,0.145320197044335
1.4,317,20580660,25,300,38,0.126666666666667
1.4,318,20581669,29,406,69,0.169950738916256
1.4,319,20582678,27,351,55,0.156695156695157
1.4,320,20583687,28,378,55,0.145502645502645
1.4,321,20584696,26,325,52,0.16
1.4,322,20585705,27,351,62,0.176638176638177
1.4,323,20586714,28,378,62,0.164021164021164
1.4,324,20587723,27,351,58,0.165242165242165
1.4,325,20588732,24,276,46,0.166666666666667
1.4,326,20589741,28,378,66,0.174603174603175
1.4,327,20590750,26,325,49,0.150769230769231
1.4,328,20591759,29,406,60,0.147783251231527
1.4,329,20592768,28,378,56,0.148148148148148
1.4,330,20593777,28,378,63,0.166666666666667
1.4,331,20594786,27,351,52,0.148148148148148
1.4,332,20595795,27,351,48,0.136752136752137
1.4,333,20596804,26,325,59,0.181538461538462
1.4,334,20597813,28,378,56,0.148148148148148
1.4,335,20598822,24,276,42,0.152173913043478
1.4,336,20599831,28,378,62,0.164021164021164
1.4,337,20600840,26,325,52,0.16
1.4,338,20601849,27,351,55,0.156695156695157
1.4,339,20602858,26,325,48,0.147692307692308
1.4,340,20603867,27,351,56,0.15954415954416
1.4,341,20604876,25,300,42,0.14
1.4,342,20605885,27,351,50,0.142450142450142
1.4,343,20606894,25,300,45,0.15
1.4,344,20607903,27,351,51,0.145299145299145
1.4,345,20608912,28,378,57,0.150793650793651
1.4,346,20609921,25,300,47,0.156666666666667
1.4,347,20610930,29,406,59,0.145320197044335
1.4,348,20611939,25,300,46,0.153333333333333
1.4,349,20612948,27,351,50,0.142450142450142
1.4,350,20613957,24,276,52,0.188405797101449
1.4,351,20614966,28,378,48,0.126984126984127
1.4,352,20615975,25,300,48,0.16
1.4,353,20616984,27,351,49,0.13960113960114
1.4,354,20617993,22,231,34,0.147186147186147
1.4,355,20619002,30,435,67,0.154022988505747
1.4,356,20620011,23,253,35,0.138339920948617
1.4,357,20621020,25,300,50,0.166666666666667
1.4,358,20622029,28,378,60,0.158730158730159
1.4,359,20623038,28,378,63,0.166666666666667
1.4,360,20624047,30,435,66,0.151724137931034
1.4,361,20625056,28,378,59,0.156084656084656
1.4,362,20626065,28,378,57,0.150793650793651
1.4,363,20627074,27,351,49,0.13960113960114
1.4,364,20628083,26,325,45,0.138461538461538
1.4,365,20629092,27,351,53,0.150997150997151
1.4,366,20630101,27,351,53,0.150997150997151
1.4,367,20631110,25,300,47,0.156666666666667
1.4,368,20632119,26,325,55,0.169230769230769
1.4,369,20633128,29,406,64,0.157635467980296
1.4,370,20634137,23,253,42,0.16600790513834
1.4,371,20635146,29,406,72,0.177339901477833
1.4,372,20636155,26,325,57,0.175384615384615
1.4,373,20637164,25,300,45,0.15
1.4,374,20638173,27,351,46,0.131054131054131
1.4,375,20639182,28,378,56,0.148148148148148
1.4,376,20640191,30,435,68,0.15632183908046
1.4,377,20641200,25,300,47,0.156666666666667
1.4,378,20642209,26,325,64,0.196923076923077
1.4,379,20643218,25,300,53,0.176666666666667
1.4,380,20644227,26,325,46,0.141538461538462
1.4,381,20645236,30,435,70,0.160919540229885
1.4,382,20646245,27,351,57,0.162393162393162
1.4,383,20647254,30,435,67,0.154022988505747
1.4,384,20648263,28,378,66,0.174603174603175
1.4,385,20649272,28,378,55,0.145502645502645
1.4,386,20650281,26,325,42,0.129230769230769
1.4,387,20651290,25,300,49,0.163333333333333
1.4,388,20652299,26,325,53,0.163076923076923
1.4,389,20653308,26,325,51,0.156923076923077
1.4,390,20654317,27,351,60,0.170940170940171
1.4,391,20655326,27,351,54,0.153846153846154
1.4,392,20656335,27,351,48,0.136752136752137
1.4,393,20657344,25,300,48,0.16
1.4,394,20658353,25,300,40,0.133333333333333
1.4,395,20659362,26,325,51,0.156923076923077
1.4,396,20660371,24,276,46,0.166666666666667
1.4,397,20661380,28,378,59,0.156084656084656
1.4,398,20662389,25,300,50,0.166666666666667
1.4,399,20663398,28,378,65,0.171957671957672
1.4,400,20664407,27,351,56,0.15954415954416
1.4,401,20665416,25,300,46,0.153333333333333
1.4,402,20666425,25,300,49,0.163333333333333
1.4,403,20667434,24,276,39,0.141304347826087
1.4,404,20668443,27,351,61,0.173789173789174
1.4,405,20669452,26,325,52,0.16
1.4,406,20670461,27,351,55,0.156695156695157
1.4,407,20671470,28,378,57,0.150793650793651
1.4,408,20672479,26,325,49,0.150769230769231
1.4,409,20673488,30,435,82,0.188505747126437
1.4,410,20674497,24,276,44,0.159420289855072
1.4,411,20675506,27,351,48,0.136752136752137
1.4,412,20676515,27,351,59,0.168091168091168
1.4,413,20677524,26,325,47,0.144615384615385
1.4,414,20678533,28,378,50,0.132275132275132
1.4,415,20679542,25,300,53,0.176666666666667
1.4,416,20680551,26,325,55,0.169230769230769
1.4,417,20681560,28,378,56,0.148148148148148
1.4,418,20682569,29,406,73,0.179802955665025
1.4,419,20683578,29,406,60,0.147783251231527
1.4,420,20684587,26,325,58,0.178461538461538
1.4,421,20685596,26,325,52,0.16
1.4,422,20686605,28,378,63,0.166666666666667
1.4,423,20687614,25,300,46,0.153333333333333
1.4,424,20688623,28,378,63,0.166666666666667
1.4,425,20689632,26,325,47,0.144615384615385
1.4,426,20690641,27,351,52,0.148148148148148
1.4,427,20691650,25,300,46,0.153333333333333
1.4,428,20692659,30,435,65,0.149425287356322
1.4,429,20693668,27,351,61,0.173789173789174
1.4,430,20694677,26,325,48,0.147692307692308
1.4,431,20695686,31,465,85,0.182795698924731
1.4,432,20696695,29,406,69,0.169950738916256
1.4,433,20697704,28,378,56,0.148148148148148
1.4,434,20698713,25,300,46,0.153333333333333
1.4,435,20699722,30,435,67,0.154022988505747
1.4,436,20700731,25,300,45,0.15
1.4,437,20701740,27,351,54,0.153846153846154
1.4,438,20702749,27,351,55,0.156695156695157
1.4,439,20703758,28,378,57,0.150793650793651
1.4,440,20704767,27,351,54,0.153846153846154
1.4,441,20705776,30,435,72,0.16551724137931
1.4,442,20706785,25,300,46,0.153333333333333
1.4,443,20707794,29,406,70,0.172413793103448
1.4,444,20708803,25,300,44,0.146666666666667
1.4,445,20709812,27,351,62,0.176638176638177
1.4,446,20710821,25,300,47,0.156666666666667
1.4,447,20711830,29,406,66,0.16256157635468
1.4,448,20712839,26,325,42,0.129230769230769
1.4,449,20713848,26,325,50,0.153846153846154
1.4,450,20714857,29,406,67,0.165024630541872
1.4,451,20715866,27,351,63,0.179487179487179
1.4,452,20716875,28,378,69,0.182539682539683
1.4,453,20717884,28,378,64,0.169312169312169
1.4,454,20718893,24,276,47,0.170289855072464
1.4,455,20719902,26,325,47,0.144615384615385
1.4,456,20720911,25,300,48,0.16
1.4,457,20721920,26,325,52,0.16
1.4,458,20722929,27,351,59,0.168091168091168
1.4,459,20723938,28,378,59,0.156084656084656
1.4,460,20724947,25,300,40,0.133333333333333
1.4,461,20725956,25,300,52,0.173333333333333
1.4,462,20726965,27,351,49,0.13960113960114
1.4,463,20727974,27,351,49,0.13960113960114
1.4,464,20728983,23,253,44,0.173913043478261
1.4,465,20729992,28,378,59,0.156084656084656
1.4,466,20731001,28,378,57,0.150793650793651
1.4,467,20732010,26,325,56,0.172307692307692
1.4,468,20733019,26,325,56,0.172307692307692
1.4,469,20734028,26,325,44,0.135384615384615
1.4,470,20735037,28,378,51,0.134920634920635
1.4,471,20736046,28,378,52,0.137566137566138
1.4,472,20737055,26,325,50,0.153846153846154
1.4,473,20738064,25,300,43,0.143333333333333
1.4,474,20739073,24,276,41,0.148550724637681
1.4,475,20740082,25,300,43,0.143333333333333
1.4,476,20741091,29,406,71,0.17487684729064
1.4,477,20742100,28,378,73,0.193121693121693
1.4,478,20743109,27,351,55,0.156695156695157
1.4,479,20744118,24,276,38,0.13768115942029
1.4,480,20745127,27,351,61,0.173789173789174
1.4,481,20746136,25,300,50,0.166666666666667
1.4,482,20747145,26,325,47,0.144615384615385
1.4,483,20748154,31,465,72,0.154838709677419
1.4,484,20749163,26,325,46,0.141538461538462
1.4,485,20750172,24,276,42,0.152173913043478
1.4,486,20751181,27,351,64,0.182336182336182
1.4,487,20752190,28,378,65,0.171957671957672
1.4,488,20753199,27,351,59,0.168091168091168
1.4,489,20754208,25,300,43,0.143333333333333
1.4,490,20755217,29,406,62,0.152709359605911
1.4,491,20756226,32,496,87,0.175403225806452
1.4,492,20757235,27,351,57,0.162393162393162
1.4,493,20758244,27,351,52,0.148148148148148
1.4,494,20759253,27,351,51,0.145299145299145
1.4,495,20760262,28,378,57,0.150793650793651
1.4,496,20761271,29,406,61,0.150246305418719
1.4,497,20762280,30,435,66,0.151724137931034
1.4,498,20763289,24,276,41,0.148550724637681
1.4,499,20764298,28,378,63,0.166666666666667
1.4,500,20765307,28,378,55,0.145502645502645
1.4,501,20766316,24,276,40,0.144927536231884
1.4,502,20767325,29,406,62,0.152709359605911
1.4,503,20768334,28,378,67,0.177248677248677
1.4,504,20769343,27,351,56,0.15954415954416
1.4,505,20770352,26,325,48,0.147692307692308
1.4,506,20771361,26,325,49,0.150769230769231
1.4,507,20772370,27,351,62,0.176638176638177
1.4,508,20773379,30,435,69,0.158620689655172
1.4,509,20774388,25,300,46,0.153333333333333
1.4,510,20775397,28,378,63,0.166666666666667
1.4,511,20776406,28,378,64,0.169312169312169
1.4,512,20777415,29,406,70,0.172413793103448
1.4,513,20778424,26,325,49,0.150769230769231
1.4,514,20779433,27,351,54,0.153846153846154
1.4,515,20780442,28,378,54,0.142857142857143
1.4,516,20781451,25,300,42,0.14
1.4,517,20782460,24,276,41,0.148550724637681
1.4,518,20783469,26,325,57,0.175384615384615
1.4,519,20784478,25,300,48,0.16
1.4,520,20785487,25,300,44,0.146666666666667
1.4,521,20786496,24,276,49,0.177536231884058
1.4,522,20787505,27,351,51,0.145299145299145
1.4,523,20788514,29,406,71,0.17487684729064
1.4,524,20789523,26,325,48,0.147692307692308
1.4,525,20790532,30,435,68,0.15632183908046
1.4,526,20791541,24,276,42,0.152173913043478
1.4,527,20792550,27,351,58,0.165242165242165
1.4,528,20793559,28,378,53,0.14021164021164
1.4,529,20794568,24,276,43,0.155797101449275
1.4,530,20795577,26,325,49,0.150769230769231
1.4,531,20796586,25,300,44,0.146666666666667
1.4,532,20797595,27,351,52,0.148148148148148
1.4,533,20798604,27,351,62,0.176638176638177
1.4,534,20799613,29,406,70,0.172413793103448
1.4,535,20800622,25,300,43,0.143333333333333
1.4,536,20801631,28,378,56,0.148148148148148
1.4,537,20802640,26,325,47,0.144615384615385
1.4,538,20803649,27,351,57,0.162393162393162
1.4,539,20804658,25,300,47,0.156666666666667
1.4,540,20805667,27,351,51,0.145299145299145
1.4,541,20806676,28,378,63,0.166666666666667
1.4,542,20807685,28,378,66,0.174603174603175
1.4,543,20808694,28,378,60,0.158730158730159
1.4,544,20809703,26,325,55,0.169230769230769
1.4,545,20810712,31,465,76,0.163440860215054
1.4,546,20811721,29,406,65,0.160098522167488
1.4,547,20812730,24,276,43,0.155797101449275
1.4,548,20813739,27,351,52,0.148148148148148
1.4,549,20814748,26,325,41,0.126153846153846
1.4,550,20815757,27,351,51,0.145299145299145
1.4,551,20816766,25,300,51,0.17
1.4,552,20817775,25,300,43,0.143333333333333
1.4,553,20818784,29,406,56,0.137931034482759
1.4,554,20819793,25,300,40,0.133333333333333
1.4,555,20820802,25,300,46,0.153333333333333
1.4,556,20821811,28,378,54,0.142857142857143
1.4,557,20822820,27,351,53,0.150997150997151
1.4,558,20823829,26,325,49,0.150769230769231
1.4,559,20824838,27,351,53,0.150997150997151
1.4,560,20825847,25,300,50,0.166666666666667
1.4,561,20826856,27,351,61,0.173789173789174
1.4,562,20827865,30,435,66,0.151724137931034
1.4,563,20828874,25,300,45,0.15
1.4,564,20829883,25,300,53,0.176666666666667
1.4,565,20830892,26,325,54,0.166153846153846
1.4,566,20831901,24,276,43,0.155797101449275
1.4,567,20832910,25,300,46,0.153333333333333
1.4,568,20833919,29,406,66,0.16256157635468
1.4,569,20834928,25,300,42,0.14
1.4,570,20835937,28,378,62,0.164021164021164
1.4,571,20836946,24,276,41,0.148550724637681
1.4,572,20837955,28,378,59,0.156084656084656
1.4,573,20838964,27,351,56,0.15954415954416
1.4,574,20839973,23,253,39,0.154150197628458
1.4,575,20840982,27,351,56,0.15954415954416
1.4,576,20841991,28,378,63,0.166666666666667
1.4,577,20843000,25,300,45,0.15
1.4,578,20844009,30,435,75,0.172413793103448
1.4,579,20845018,28,378,48,0.126984126984127
1.4,580,20846027,28,378,55,0.145502645502645
1.4,581,20847036,29,406,74,0.182266009852217
1.4,582,20848045,23,253,39,0.154150197628458
1.4,583,20849054,25,300,43,0.143333333333333
1.4,584,20850063,27,351,53,0.150997150997151
1.4,585,20851072,28,378,58,0.153439153439153
1.4,586,20852081,26,325,48,0.147692307692308
1.4,587,20853090,26,325,48,0.147692307692308
1.4,588,20854099,27,351,47,0.133903133903134
1.4,589,20855108,30,435,66,0.151724137931034
1.4,590,20856117,26,325,46,0.141538461538462
1.4,591,20857126,26,325,47,0.144615384615385
1.4,592,20858135,27,351,45,0.128205128205128
1.4,593,20859144,27,351,49,0.13960113960114
1.4,594,20860153,23,253,42,0.16600790513834
1.4,595,20861162,30,435,77,0.177011494252874
1.4,596,20862171,28,378,57,0.150793650793651
1.4,597,20863180,28,378,61,0.161375661375661
1.4,598,20864189,28,378,54,0.142857142857143
1.4,599,20865198,27,351,49,0.13960113960114
1.4,600,20866207,25,300,49,0.163333333333333
1.4,601,20867216,26,325,42,0.129230769230769
1.4,602,20868225,25,300,54,0.18
1.4,603,20869234,26,325,51,0.156923076923077
1.4,604,20870243,27,351,54,0.153846153846154
1.4,605,20871252,27,351,45,0.128205128205128
1.4,606,20872261,26,325,51,0.156923076923077
1.4,607,20873270,23,253,38,0.150197628458498
1.4,608,20874279,27,351,53,0.150997150997151
1.4,609,20875288,27,351,58,0.165242165242165
1.4,610,20876297,26,325,52,0.16
1.4,611,20877306,26,325,45,0.138461538461538
1.4,612,20878315,29,406,55,0.135467980295567
1.4,613,20879324,27,351,57,0.162393162393162
1.4,614,20880333,26,325,40,0.123076923076923
1.4,615,20881342,25,300,47,0.156666666666667
1.4,616,20882351,28,378,50,0.132275132275132
1.4,617,20883360,25,300,49,0.163333333333333
1.4,618,20884369,28,378,58,0.153439153439153
1.4,619,20885378,25,300,56,0.186666666666667
1.4,620,20886387,26,325,51,0.156923076923077
1.4,621,20887396,25,300,42,0.14
1.4,622,20888405,26,325,53,0.163076923076923
1.4,623,20889414,26,325,50,0.153846153846154
1.4,624,20890423,24,276,47,0.170289855072464
1.4,625,20891432,26,325,45,0.138461538461538
1.4,626,20892441,26,325,45,0.138461538461538
1.4,627,20893450,26,325,48,0.147692307692308
1.4,628,20894459,26,325,46,0.141538461538462
1.4,629,20895468,24,276,42,0.152173913043478
1.4,630,20896477,27,351,61,0.173789173789174
1.4,631,20897486,26,325,43,0.132307692307692
1.4,632,20898495,27,351,58,0.165242165242165
1.4,633,20899504,27,351,49,0.13960113960114
1.4,634,20900513,28,378,63,0.166666666666667
1.4,635,20901522,25,300,46,0.153333333333333
1.4,636,20902531,25,300,55,0.183333333333333
1.4,637,20903540,24,276,48,0.173913043478261
1.4,638,20904549,28,378,56,0.148148148148148
1.4,639,20905558,27,351,53,0.150997150997151
1.4,640,20906567,28,378,54,0.142857142857143
1.4,641,20907576,28,378,58,0.153439153439153
1.4,642,20908585,28,378,61,0.161375661375661
1.4,643,20909594,28,378,58,0.153439153439153
1.4,644,20910603,28,378,58,0.153439153439153
1.4,645,20911612,24,276,50,0.181159420289855
1.4,646,20912621,29,406,60,0.147783251231527
1.4,647,20913630,27,351,60,0.170940170940171
1.4,648,20914639,29,406,72,0.177339901477833
1.4,649,20915648,27,351,54,0.153846153846154
1.4,650,20916657,22,231,37,0.16017316017316
1.4,651,20917666,28,378,56,0.148148148148148
1.4,652,20918675,26,325,51,0.156923076923077
1.4,653,20919684,25,300,49,0.163333333333333
1.4,654,20920693,30,435,71,0.163218390804598
1.4,655,20921702,29,406,60,0.147783251231527
1.4,656,20922711,27,351,53,0.150997150997151
1.4,657,20923720,26,325,52,0.16
1.4,658,20924729,27,351,49,0.13960113960114
1.4,659,20925738,30,435,74,0.170114942528736
1.4,660,20926747,27,351,53,0.150997150997151
1.4,661,20927756,27,351,51,0.145299145299145
1.4,662,20928765,28,378,51,0.134920634920635
1.4,663,20929774,27,351,57,0.162393162393162
1.4,664,20930783,27,351,54,0.153846153846154
1.4,665,20931792,28,378,70,0.185185185185185
1.4,666,20932801,26,325,52,0.16
1.4,667,20933810,27,351,59,0.168091168091168
1.4,668,20934819,28,378,74,0.195767195767196
1.4,669,20935828,30,435,64,0.147126436781609
1.4,670,20936837,29,406,67,0.165024630541872
1.4,671,20937846,28,378,54,0.142857142857143
1.4,672,20938855,27,351,62,0.176638176638177
1.4,673,20939864,29,406,64,0.157635467980296
1.4,674,20940873,28,378,67,0.177248677248677
1.4,675,20941882,28,378,62,0.164021164021164
1.4,676,20942891,27,351,55,0.156695156695157
1.4,677,20943900,27,351,59,0.168091168091168
1.4,678,20944909,26,325,43,0.132307692307692
1.4,679,20945918,27,351,63,0.179487179487179
1.4,680,20946927,29,406,66,0.16256157635468
1.4,681,20947936,27,351,62,0.176638176638177
1.4,682,20948945,26,325,50,0.153846153846154
1.4,683,20949954,27,351,51,0.145299145299145
1.4,684,20950963,29,406,71,0.17487684729064
1.4,685,20951972,29,406,66,0.16256157635468
1.4,686,20952981,24,276,41,0.148550724637681
1.4,687,20953990,25,300,49,0.163333333333333
1.4,688,20954999,26,325,50,0.153846153846154
1.4,689,20956008,26,325,53,0.163076923076923
1.4,690,20957017,25,300,46,0.153333333333333
1.4,691,20958026,23,253,42,0.16600790513834
1.4,692,20959035,26,325,55,0.169230769230769
1.4,693,20960044,27,351,54,0.153846153846154
1.4,694,20961053,27,351,58,0.165242165242165
1.4,695,20962062,30,435,75,0.172413793103448
1.4,696,20963071,28,378,50,0.132275132275132
1.4,697,20964080,29,406,64,0.157635467980296
1.4,698,20965089,27,351,44,0.125356125356125
1.4,699,20966098,27,351,56,0.15954415954416
1.4,700,20967107,26,325,54,0.166153846153846
1.4,701,20968116,28,378,63,0.166666666666667
1.4,702,20969125,29,406,73,0.179802955665025
1.4,703,20970134,26,325,53,0.163076923076923
1.4,704,20971143,26,325,51,0.156923076923077
1.4,705,20972152,27,351,56,0.15954415954416
1.4,706,20973161,24,276,41,0.148550724637681
1.4,707,20974170,27,351,52,0.148148148148148
1.4,708,20975179,28,378,55,0.145502645502645
1.4,709,20976188,23,253,40,0.158102766798419
1.4,710,20977197,25,300,43,0.143333333333333
1.4,711,20978206,26,325,56,0.172307692307692
1.4,712,20979215,23,253,47,0.185770750988142
1.4,713,20980224,26,325,47,0.144615384615385
1.4,714,20981233,26,325,59,0.181538461538462
1.4,715,20982242,26,325,59,0.181538461538462
1.4,716,20983251,27,351,61,0.173789173789174
1.4,717,20984260,25,300,43,0.143333333333333
1.4,718,20985269,26,325,57,0.175384615384615
1.4,719,20986278,25,300,42,0.14
1.4,720,20987287,27,351,62,0.176638176638177
1.4,721,20988296,27,351,52,0.148148148148148
1.4,722,20989305,26,325,61,0.187692307692308
1.4,723,20990314,26,325,49,0.150769230769231
1.4,724,20991323,26,325,45,0.138461538461538
1.4,725,20992332,29,406,58,0.142857142857143
1.4,726,20993341,27,351,51,0.145299145299145
1.4,727,20994350,27,351,54,0.153846153846154
1.4,728,20995359,24,276,47,0.170289855072464
1.4,729,20996368,28,378,65,0.171957671957672
1.4,730,20997377,27,351,54,0.153846153846154
1.4,731,20998386,25,300,45,0.15
1.4,732,20999395,28,378,57,0.150793650793651
1.4,733,21000404,25,300,42,0.14
1.4,734,21001413,24,276,45,0.16304347826087
1.4,735,21002422,23,253,42,0.16600790513834
1.4,736,21003431,28,378,53,0.14021164021164
1.4,737,21004440,27,351,62,0.176638176638177
1.4,738,21005449,27,351,59,0.168091168091168
1.4,739,21006458,27,351,45,0.128205128205128
1.4,740,21007467,27,351,54,0.153846153846154
1.4,741,21008476,27,351,61,0.173789173789174
1.4,742,21009485,27,351,54,0.153846153846154
1.4,743,21010494,27,351,51,0.145299145299145
1.4,744,21011503,25,300,49,0.163333333333333
1.4,745,21012512,27,351,44,0.125356125356125
1.4,746,21013521,26,325,47,0.144615384615385
1.4,747,21014530,25,300,46,0.153333333333333
1.4,748,21015539,28,378,64,0.169312169312169
1.4,749,21016548,27,351,52,0.148148148148148
1.4,750,21017557,27,351,56,0.15954415954416
1.4,751,21018566,26,325,50,0.153846153846154
1.4,752,21019575,29,406,63,0.155172413793103
1.4,753,21020584,25,300,54,0.18
1.4,754,21021593,24,276,48,0.173913043478261
1.4,755,21022602,28,378,62,0.164021164021164
1.4,756,21023611,26,325,44,0.135384615384615
1.4,757,21024620,26,325,52,0.16
1.4,758,21025629,25,300,41,0.136666666666667
1.4,759,21026638,26,325,57,0.175384615384615
1.4,760,21027647,27,351,63,0.179487179487179
1.4,761,21028656,27,351,43,0.122507122507123
1.4,762,21029665,24,276,42,0.152173913043478
1.4,763,21030674,29,406,62,0.152709359605911
1.4,764,21031683,27,351,48,0.136752136752137
1.4,765,21032692,29,406,63,0.155172413793103
1.4,766,21033701,27,351,55,0.156695156695157
1.4,767,21034710,29,406,65,0.160098522167488
1.4,768,21035719,24,276,40,0.144927536231884
1.4,769,21036728,23,253,39,0.154150197628458
1.4,770,21037737,27,351,49,0.13960113960114
1.4,771,21038746,29,406,61,0.150246305418719
1.4,772,21039755,27,351,56,0.15954415954416
1.4,773,21040764,26,325,53,0.163076923076923
1.4,774,21041773,29,406,59,0.145320197044335
1.4,775,21042782,27,351,48,0.136752136752137
1.4,776,21043791,28,378,58,0.153439153439153
1.4,777,21044800,26,325,54,0.166153846153846
1.4,778,21045809,27,351,54,0.153846153846154
1.4,779,21046818,28,378,64,0.169312169312169
1.4,780,21047827,26,325,49,0.150769230769231
1.4,781,21048836,28,378,61,0.161375661375661
1.4,782,21049845,25,300,49,0.163333333333333
1.4,783,21050854,25,300,43,0.143333333333333
1.4,784,21051863,26,325,43,0.132307692307692
1.4,785,21052872,28,378,56,0.148148148148148
1.4,786,21053881,27,351,56,0.15954415954416
1.4,787,21054890,29,406,63,0.155172413793103
1.4,788,21055899,26,325,49,0.150769230769231
1.4,789,21056908,27,351,53,0.150997150997151
1.4,790,21057917,26,325,46,0.141538461538462
1.4,791,21058926,29,406,56,0.137931034482759
1.4,792,21059935,26,325,42,0.129230769230769
1.4,793,21060944,28,378,61,0.161375661375661
1.4,794,21061953,28,378,66,0.174603174603175
1.4,795,21062962,24,276,38,0.13768115942029
1.4,796,21063971,29,406,65,0.160098522167488
1.4,797,21064980,27,351,53,0.150997150997151
1.4,798,21065989,25,300,55,0.183333333333333
1.4,799,21066998,27,351,50,0.142450142450142
1.4,800,21068007,25,300,48,0.16
1.4,801,21069016,26,325,47,0.144615384615385
1.4,802,21070025,24,276,46,0.166666666666667
1.4,803,21071034,27,351,52,0.148148148148148
1.4,804,21072043,27,351,43,0.122507122507123
1.4,805,21073052,29,406,76,0.187192118226601
1.4,806,21074061,28,378,61,0.161375661375661
1.4,807,21075070,27,351,50,0.142450142450142
1.4,808,21076079,29,406,67,0.165024630541872
1.4,809,21077088,25,300,46,0.153333333333333
1.4,810,21078097,27,351,52,0.148148148148148
1.4,811,21079106,25,300,48,0.16
1.4,812,21080115,28,378,61,0.161375661375661
1.4,813,21081124,25,300,45,0.15
1.4,814,21082133,26,325,45,0.138461538461538
1.4,815,21083142,28,378,57,0.150793650793651
1.4,816,21084151,27,351,57,0.162393162393162
1.4,817,21085160,24,276,43,0.155797101449275
1.4,818,21086169,28,378,74,0.195767195767196
1.4,819,21087178,28,378,60,0.158730158730159
1.4,820,21088187,26,325,54,0.166153846153846
1.4,821,21089196,27,351,59,0.168091168091168
1.4,822,21090205,24,276,53,0.192028985507246
1.4,823,21091214,26,325,51,0.156923076923077
1.4,824,21092223,30,435,68,0.15632183908046
1.4,825,21093232,27,351,58,0.165242165242165
1.4,826,21094241,26,325,51,0.156923076923077
1.4,827,21095250,26,325,49,0.150769230769231
1.4,828,21096259,29,406,63,0.155172413793103
1.4,829,21097268,27,351,66,0.188034188034188
1.4,830,21098277,26,325,54,0.166153846153846
1.4,831,21099286,27,351,55,0.156695156695157
1.4,832,21100295,24,276,39,0.141304347826087
1.4,833,21101304,24,276,46,0.166666666666667
1.4,834,21102313,26,325,47,0.144615384615385
1.4,835,21103322,28,378,71,0.187830687830688
1.4,836,21104331,28,378,56,0.148148148148148
1.4,837,21105340,27,351,53,0.150997150997151
1.4,838,21106349,26,325,56,0.172307692307692
1.4,839,21107358,26,325,57,0.175384615384615
1.4,840,21108367,25,300,58,0.193333333333333
1.4,841,21109376,29,406,73,0.179802955665025
1.4,842,21110385,29,406,63,0.155172413793103
1.4,843,21111394,26,325,53,0.163076923076923
1.4,844,21112403,30,435,62,0.142528735632184
1.4,845,21113412,28,378,68,0.17989417989418
1.4,846,21114421,26,325,60,0.184615384615385
1.4,847,21115430,27,351,62,0.176638176638177
1.4,848,21116439,27,351,55,0.156695156695157
1.4,849,21117448,27,351,49,0.13960113960114
1.4,850,21118457,27,351,60,0.170940170940171
1.4,851,21119466,30,435,64,0.147126436781609
1.4,852,21120475,27,351,62,0.176638176638177
1.4,853,21121484,27,351,55,0.156695156695157
1.4,854,21122493,28,378,54,0.142857142857143
1.4,855,21123502,28,378,59,0.156084656084656
1.4,856,21124511,26,325,51,0.156923076923077
1.4,857,21125520,26,325,54,0.166153846153846
1.4,858,21126529,26,325,51,0.156923076923077
1.4,859,21127538,27,351,51,0.145299145299145
1.4,860,21128547,28,378,65,0.171957671957672
1.4,861,21129556,25,300,42,0.14
1.4,862,21130565,28,378,59,0.156084656084656
1.4,863,21131574,26,325,48,0.147692307692308
1.4,864,21132583,27,351,52,0.148148148148148
1.4,865,21133592,24,276,45,0.16304347826087
1.4,866,21134601,27,351,49,0.13960113960114
1.4,867,21135610,25,300,36,0.12
1.4,868,21136619,27,351,53,0.150997150997151
1.4,869,21137628,28,378,64,0.169312169312169
1.4,870,21138637,24,276,43,0.155797101449275
1.4,871,21139646,27,351,58,0.165242165242165
1.4,872,21140655,25,300,48,0.16
1.4,873,21141664,25,300,45,0.15
1.4,874,21142673,29,406,66,0.16256157635468
1.4,875,21143682,30,435,63,0.144827586206897
1.4,876,21144691,26,325,52,0.16
1.4,877,21145700,29,406,58,0.142857142857143
1.4,878,21146709,26,325,50,0.153846153846154
1.4,879,21147718,25,300,46,0.153333333333333
1.4,880,21148727,25,300,52,0.173333333333333
1.4,881,21149736,29,406,81,0.199507389162562
1.4,882,21150745,26,325,40,0.123076923076923
1.4,883,21151754,30,435,63,0.144827586206897
1.4,884,21152763,27,351,59,0.168091168091168
1.4,885,21153772,23,253,43,0.1699604743083
1.4,886,21154781,26,325,54,0.166153846153846
1.4,887,21155790,27,351,56,0.15954415954416
1.4,888,21156799,26,325,50,0.153846153846154
1.4,889,21157808,23,253,43,0.1699604743083
1.4,890,21158817,27,351,57,0.162393162393162
1.4,891,21159826,24,276,37,0.134057971014493
1.4,892,21160835,24,276,37,0.134057971014493
1.4,893,21161844,28,378,63,0.166666666666667
1.4,894,21162853,29,406,62,0.152709359605911
1.4,895,21163862,26,325,55,0.169230769230769
1.4,896,21164871,27,351,59,0.168091168091168
1.4,897,21165880,26,325,44,0.135384615384615
1.4,898,21166889,27,351,58,0.165242165242165
1.4,899,21167898,28,378,56,0.148148148148148
1.4,900,21168907,28,378,65,0.171957671957672
1.4,901,21169916,26,325,47,0.144615384615385
1.4,902,21170925,29,406,66,0.16256157635468
1.4,903,21171934,28,378,64,0.169312169312169
1.4,904,21172943,28,378,59,0.156084656084656
1.4,905,21173952,24,276,48,0.173913043478261
1.4,906,21174961,27,351,51,0.145299145299145
1.4,907,21175970,28,378,57,0.150793650793651
1.4,908,21176979,25,300,45,0.15
1.4,909,21177988,26,325,57,0.175384615384615
1.4,910,21178997,24,276,43,0.155797101449275
1.4,911,21180006,26,325,59,0.181538461538462
1.4,912,21181015,30,435,72,0.16551724137931
1.4,913,21182024,27,351,56,0.15954415954416
1.4,914,21183033,30,435,62,0.142528735632184
1.4,915,21184042,26,325,37,0.113846153846154
1.4,916,21185051,25,300,47,0.156666666666667
1.4,917,21186060,30,435,70,0.160919540229885
1.4,918,21187069,27,351,53,0.150997150997151
1.4,919,21188078,27,351,50,0.142450142450142
1.4,920,21189087,24,276,55,0.199275362318841
1.4,921,21190096,27,351,55,0.156695156695157
1.4,922,21191105,29,406,56,0.137931034482759
1.4,923,21192114,28,378,60,0.158730158730159
1.4,924,21193123,28,378,60,0.158730158730159
1.4,925,21194132,26,325,47,0.144615384615385
1.4,926,21195141,27,351,57,0.162393162393162
1.4,927,21196150,27,351,64,0.182336182336182
1.4,928,21197159,29,406,59,0.145320197044335
1.4,929,21198168,28,378,61,0.161375661375661
1.4,930,21199177,27,351,48,0.136752136752137
1.4,931,21200186,27,351,55,0.156695156695157
1.4,932,21201195,29,406,65,0.160098522167488
1.4,933,21202204,25,300,48,0.16
1.4,934,21203213,26,325,59,0.181538461538462
1.4,935,21204222,26,325,50,0.153846153846154
1.4,936,21205231,27,351,58,0.165242165242165
1.4,937,21206240,27,351,58,0.165242165242165
1.4,938,21207249,26,325,52,0.16
1.4,939,21208258,29,406,70,0.172413793103448
1.4,940,21209267,25,300,45,0.15
1.4,941,21210276,28,378,56,0.148148148148148
1.4,942,21211285,31,465,67,0.144086021505376
1.4,943,21212294,29,406,58,0.142857142857143
1.4,944,21213303,25,300,53,0.176666666666667
1.4,945,21214312,27,351,63,0.179487179487179
1.4,946,21215321,29,406,60,0.147783251231527
1.4,947,21216330,27,351,53,0.150997150997151
1.4,948,21217339,27,351,51,0.145299145299145
1.4,949,21218348,26,325,55,0.169230769230769
1.4,950,21219357,29,406,56,0.137931034482759
1.4,951,21220366,26,325,54,0.166153846153846
1.4,952,21221375,28,378,58,0.153439153439153
1.4,953,21222384,25,300,44,0.146666666666667
1.4,954,21223393,27,351,56,0.15954415954416
1.4,955,21224402,26,325,50,0.153846153846154
1.4,956,21225411,25,300,59,0.196666666666667
1.4,957,21226420,26,325,50,0.153846153846154
1.4,958,21227429,28,378,62,0.164021164021164
1.4,959,21228438,26,325,44,0.135384615384615
1.4,960,21229447,27,351,55,0.156695156695157
1.4,961,21230456,24,276,48,0.173913043478261
1.4,962,21231465,26,325,56,0.172307692307692
1.4,963,21232474,27,351,54,0.153846153846154
1.4,964,21233483,26,325,51,0.156923076923077
1.4,965,21234492,26,325,52,0.16
1.4,966,21235501,27,351,54,0.153846153846154
1.4,967,21236510,26,325,48,0.147692307692308
1.4,968,21237519,26,325,51,0.156923076923077
1.4,969,21238528,26,325,49,0.150769230769231
1.4,970,21239537,28,378,56,0.148148148148148
1.4,971,21240546,25,300,50,0.166666666666667
1.4,972,21241555,28,378,58,0.153439153439153
1.4,973,21242564,28,378,61,0.161375661375661
1.4,974,21243573,26,325,51,0.156923076923077
1.4,975,21244582,26,325,49,0.150769230769231
1.4,976,21245591,25,300,49,0.163333333333333
1.4,977,21246600,28,378,70,0.185185185185185
1.4,978,21247609,28,378,55,0.145502645502645
1.4,979,21248618,26,325,50,0.153846153846154
1.4,980,21249627,24,276,43,0.155797101449275
1.4,981,21250636,26,325,60,0.184615384615385
1.4,982,21251645,26,325,48,0.147692307692308
1.4,983,21252654,28,378,56,0.148148148148148
1.4,984,21253663,28,378,62,0.164021164021164
1.4,985,21254672,25,300,42,0.14
1.4,986,21255681,28,378,54,0.142857142857143
1.4,987,21256690,23,253,41,0.162055335968379
1.4,988,21257699,27,351,53,0.150997150997151
1.4,989,21258708,28,378,55,0.145502645502645
1.4,990,21259717,26,325,51,0.156923076923077
1.4,991,21260726,26,325,46,0.141538461538462
1.4,992,21261735,30,435,63,0.144827586206897
1.4,993,21262744,26,325,50,0.153846153846154
1.4,994,21263753,28,378,60,0.158730158730159
1.4,995,21264762,24,276,42,0.152173913043478
1.4,996,21265771,26,325,50,0.153846153846154
1.4,997,21266780,27,351,47,0.133903133903134
1.4,998,21267789,26,325,53,0.163076923076923
1.4,999,21268798,29,406,75,0.184729064039409
1.4,1000,21269807,27,351,52,0.148148148148148
1.45,1,20261816,25,300,48,0.16
1.45,2,20262825,26,325,44,0.135384615384615
1.45,3,20263834,25,300,45,0.15
1.45,4,20264843,24,276,39,0.141304347826087
1.45,5,20265852,23,253,51,0.201581027667984
1.45,6,20266861,26,325,60,0.184615384615385
1.45,7,20267870,24,276,39,0.141304347826087
1.45,8,20268879,26,325,54,0.166153846153846
1.45,9,20269888,27,351,57,0.162393162393162
1.45,10,20270897,28,378,64,0.169312169312169
1.45,11,20271906,23,253,40,0.158102766798419
1.45,12,20272915,23,253,37,0.146245059288538
1.45,13,20273924,27,351,53,0.150997150997151
1.45,14,20274933,27,351,61,0.173789173789174
1.45,15,20275942,27,351,57,0.162393162393162
1.45,16,20276951,25,300,48,0.16
1.45,17,20277960,24,276,41,0.148550724637681
1.45,18,20278969,23,253,42,0.16600790513834
1.45,19,20279978,23,253,36,0.142292490118577
1.45,20,20280987,25,300,49,0.163333333333333
1.45,21,20281996,23,253,38,0.150197628458498
1.45,22,20283005,27,351,49,0.13960113960114
1.45,23,20284014,24,276,45,0.16304347826087
1.45,24,20285023,25,300,54,0.18
1.45,25,20286032,24,276,45,0.16304347826087
1.45,26,20287041,25,300,44,0.146666666666667
1.45,27,20288050,25,300,40,0.133333333333333
1.45,28,20289059,27,351,52,0.148148148148148
1.45,29,20290068,26,325,48,0.147692307692308
1.45,30,20291077,23,253,34,0.134387351778656
1.45,31,20292086,24,276,44,0.159420289855072
1.45,32,20293095,24,276,39,0.141304347826087
1.45,33,20294104,25,300,43,0.143333333333333
1.45,34,20295113,22,231,39,0.168831168831169
1.45,35,20296122,24,276,45,0.16304347826087
1.45,36,20297131,28,378,67,0.177248677248677
1.45,37,20298140,26,325,53,0.163076923076923
1.45,38,20299149,25,300,54,0.18
1.45,39,20300158,24,276,45,0.16304347826087
1.45,40,20301167,23,253,35,0.138339920948617
1.45,41,20302176,26,325,51,0.156923076923077
1.45,42,20303185,24,276,42,0.152173913043478
1.45,43,20304194,25,300,42,0.14
1.45,44,20305203,25,300,40,0.133333333333333
1.45,45,20306212,23,253,45,0.177865612648221
1.45,46,20307221,23,253,41,0.162055335968379
1.45,47,20308230,24,276,42,0.152173913043478
1.45,48,20309239,25,300,47,0.156666666666667
1.45,49,20310248,21,210,37,0.176190476190476
1.45,50,20311257,23,253,42,0.16600790513834
1.45,51,20312266,23,253,43,0.1699604743083
1.45,52,20313275,24,276,45,0.16304347826087
1.45,53,20314284,24,276,48,0.173913043478261
1.45,54,20315293,23,253,35,0.138339920948617
1.45,55,20316302,24,276,46,0.166666666666667
1.45,56,20317311,27,351,54,0.153846153846154
1.45,57,20318320,24,276,42,0.152173913043478
1.45,58,20319329,25,300,42,0.14
1.45,59,20320338,22,231,39,0.168831168831169
1.45,60,20321347,23,253,36,0.142292490118577
1.45,61,20322356,25,300,47,0.156666666666667
1.45,62,20323365,23,253,33,0.130434782608696
1.45,63,20324374,25,300,49,0.163333333333333
1.45,64,20325383,23,253,42,0.16600790513834
1.45,65,20326392,26,325,55,0.169230769230769
1.45,66,20327401,24,276,45,0.16304347826087
1.45,67,20328410,23,253,39,0.154150197628458
1.45,68,20329419,27,351,49,0.13960113960114
1.45,69,20330428,21,210,31,0.147619047619048
1.45,70,20331437,25,300,48,0.16
1.45,71,20332446,25,300,56,0.186666666666667
1.45,72,20333455,23,253,39,0.154150197628458
1.45,73,20334464,23,253,46,0.181818181818182
1.45,74,20335473,25,300,41,0.136666666666667
1.45,75,20336482,21,210,30,0.142857142857143
1.45,76,20337491,24,276,44,0.159420289855072
1.45,77,20338500,28,378,56,0.148148148148148
1.45,78,20339509,21,210,33,0.157142857142857
1.45,79,20340518,26,325,45,0.138461538461538
1.45,80,20341527,25,300,56,0.186666666666667
1.45,81,20342536,25,300,50,0.166666666666667
1.45,82,20343545,24,276,41,0.148550724637681
1.45,83,20344554,25,300,40,0.133333333333333
1.45,84,20345563,25,300,51,0.17
1.45,85,20346572,24,276,53,0.192028985507246
1.45,86,20347581,23,253,39,0.154150197628458
1.45,87,20348590,27,351,54,0.153846153846154
1.45,88,20349599,19,171,31,0.181286549707602
1.45,89,20350608,26,325,53,0.163076923076923
1.45,90,20351617,23,253,50,0.197628458498024
1.45,91,20352626,23,253,45,0.177865612648221
1.45,92,20353635,26,325,47,0.144615384615385
1.45,93,20354644,23,253,48,0.189723320158103
1.45,94,20355653,25,300,47,0.156666666666667
1.45,95,20356662,23,253,40,0.158102766798419
1.45,96,20357671,27,351,47,0.133903133903134
1.45,97,20358680,24,276,39,0.141304347826087
1.45,98,20359689,25,300,45,0.15
1.45,99,20360698,26,325,50,0.153846153846154
1.45,100,20361707,25,300,43,0.143333333333333
1.45,101,20362716,24,276,44,0.159420289855072
1.45,102,20363725,21,210,32,0.152380952380952
1.45,103,20364734,25,300,43,0.143333333333333
1.45,104,20365743,23,253,44,0.173913043478261
1.45,105,20366752,25,300,46,0.153333333333333
1.45,106,20367761,24,276,40,0.144927536231884
1.45,107,20368770,25,300,48,0.16
1.45,108,20369779,25,300,55,0.183333333333333
1.45,109,20370788,26,325,51,0.156923076923077
1.45,110,20371797,23,253,39,0.154150197628458
1.45,111,20372806,24,276,45,0.16304347826087
1.45,112,20373815,26,325,54,0.166153846153846
1.45,113,20374824,28,378,62,0.164021164021164
1.45,114,20375833,24,276,44,0.159420289855072
1.45,115,20376842,25,300,47,0.156666666666667
1.45,116,20377851,21,210,32,0.152380952380952
1.45,117,20378860,26,325,50,0.153846153846154
1.45,118,20379869,27,351,62,0.176638176638177
1.45,119,20380878,27,351,57,0.162393162393162
1.45,120,20381887,25,300,47,0.156666666666667
1.45,121,20382896,24,276,47,0.170289855072464
1.45,122,20383905,22,231,45,0.194805194805195
1.45,123,20384914,25,300,47,0.156666666666667
1.45,124,20385923,25,300,46,0.153333333333333
1.45,125,20386932,27,351,57,0.162393162393162
1.45,126,20387941,24,276,46,0.166666666666667
1.45,127,20388950,25,300,39,0.13
1.45,128,20389959,27,351,54,0.153846153846154
1.45,129,20390968,23,253,36,0.142292490118577
1.45,130,20391977,25,300,45,0.15
1.45,131,20392986,24,276,47,0.170289855072464
1.45,132,20393995,29,406,67,0.165024630541872
1.45,133,20395004,26,325,55,0.169230769230769
1.45,134,20396013,28,378,65,0.171957671957672
1.45,135,20397022,23,253,33,0.130434782608696
1.45,136,20398031,24,276,40,0.144927536231884
1.45,137,20399040,23,253,39,0.154150197628458
1.45,138,20400049,24,276,43,0.155797101449275
1.45,139,20401058,23,253,47,0.185770750988142
1.45,140,20402067,25,300,47,0.156666666666667
1.45,141,20403076,24,276,46,0.166666666666667
1.45,142,20404085,28,378,60,0.158730158730159
1.45,143,20405094,24,276,43,0.155797101449275
1.45,144,20406103,23,253,50,0.197628458498024
1.45,145,20407112,25,300,53,0.176666666666667
1.45,146,20408121,25,300,53,0.176666666666667
1.45,147,20409130,25,300,47,0.156666666666667
1.45,148,20410139,25,300,49,0.163333333333333
1.45,149,20411148,27,351,54,0.153846153846154
1.45,150,20412157,28,378,60,0.158730158730159
1.45,151,20413166,25,300,44,0.146666666666667
1.45,152,20414175,27,351,54,0.153846153846154
1.45,153,20415184,26,325,55,0.169230769230769
1.45,154,20416193,25,300,45,0.15
1.45,155,20417202,23,253,46,0.181818181818182
1.45,156,20418211,27,351,53,0.150997150997151
1.45,157,20419220,25,300,41,0.136666666666667
1.45,158,20420229,27,351,63,0.179487179487179
1.45,159,20421238,23,253,41,0.162055335968379
1.45,160,20422247,29,406,61,0.150246305418719
1.45,161,20423256,22,231,37,0.16017316017316
1.45,162,20424265,24,276,41,0.148550724637681
1.45,163,20425274,23,253,35,0.138339920948617
1.45,164,20426283,24,276,39,0.141304347826087
1.45,165,20427292,22,231,43,0.186147186147186
1.45,166,20428301,26,325,51,0.156923076923077
1.45,167,20429310,25,300,59,0.196666666666667
1.45,168,20430319,26,325,52,0.16
1.45,169,20431328,24,276,42,0.152173913043478
1.45,170,20432337,24,276,46,0.166666666666667
1.45,171,20433346,25,300,44,0.146666666666667
1.45,172,20434355,26,325,46,0.141538461538462
1.45,173,20435364,24,276,45,0.16304347826087
1.45,174,20436373,25,300,43,0.143333333333333
1.45,175,20437382,26,325,48,0.147692307692308
1.45,176,20438391,26,325,54,0.166153846153846
1.45,177,20439400,24,276,48,0.173913043478261
1.45,178,20440409,25,300,51,0.17
1.45,179,20441418,24,276,35,0.126811594202899
1.45,180,20442427,23,253,42,0.16600790513834
1.45,181,20443436,23,253,41,0.162055335968379
1.45,182,20444445,24,276,45,0.16304347826087
1.45,183,20445454,27,351,53,0.150997150997151
1.45,184,20446463,24,276,40,0.144927536231884
1.45,185,20447472,24,276,44,0.159420289855072
1.45,186,20448481,24,276,46,0.166666666666667
1.45,187,20449490,24,276,33,0.119565217391304
1.45,188,20450499,25,300,50,0.166666666666667
1.45,189,20451508,24,276,42,0.152173913043478
1.45,190,20452517,26,325,55,0.169230769230769
1.45,191,20453526,25,300,47,0.156666666666667
1.45,192,20454535,24,276,43,0.155797101449275
1.45,193,20455544,23,253,41,0.162055335968379
1.45,194,20456553,25,300,45,0.15
1.45,195,20457562,24,276,42,0.152173913043478
1.45,196,20458571,26,325,47,0.144615384615385
1.45,197,20459580,28,378,57,0.150793650793651
1.45,198,20460589,22,231,45,0.194805194805195
1.45,199,20461598,25,300,51,0.17
1.45,200,20462607,24,276,40,0.144927536231884
1.45,201,20463616,25,300,46,0.153333333333333
1.45,202,20464625,24,276,50,0.181159420289855
1.45,203,20465634,29,406,61,0.150246305418719
1.45,204,20466643,24,276,47,0.170289855072464
1.45,205,20467652,25,300,53,0.176666666666667
1.45,206,20468661,24,276,43,0.155797101449275
1.45,207,20469670,24,276,42,0.152173913043478
1.45,208,20470679,22,231,43,0.186147186147186
1.45,209,20471688,25,300,36,0.12
1.45,210,20472697,24,276,46,0.166666666666667
1.45,211,20473706,22,231,41,0.177489177489178
1.45,212,20474715,26,325,56,0.172307692307692
1.45,213,20475724,27,351,59,0.168091168091168
1.45,214,20476733,24,276,47,0.170289855072464
1.45,215,20477742,26,325,45,0.138461538461538
1.45,216,20478751,25,300,48,0.16
1.45,217,20479760,27,351,51,0.145299145299145
1.45,218,20480769,22,231,34,0.147186147186147
1.45,219,20481778,25,300,51,0.17
1.45,220,20482787,25,300,45,0.15
1.45,221,20483796,23,253,39,0.154150197628458
1.45,222,20484805,27,351,55,0.156695156695157
1.45,223,20485814,24,276,47,0.170289855072464
1.45,224,20486823,27,351,45,0.128205128205128
1.45,225,20487832,24,276,36,0.130434782608696
1.45,226,20488841,22,231,39,0.168831168831169
1.45,227,20489850,29,406,61,0.150246305418719
1.45,228,20490859,23,253,38,0.150197628458498
1.45,229,20491868,26,325,50,0.153846153846154
1.45,230,20492877,26,325,50,0.153846153846154
1.45,231,20493886,25,300,45,0.15
1.45,232,20494895,20,190,30,0.157894736842105
1.45,233,20495904,26,325,54,0.166153846153846
1.45,234,20496913,24,276,40,0.144927536231884
1.45,235,20497922,26,325,49,0.150769230769231
1.45,236,20498931,22,231,39,0.168831168831169
1.45,237,20499940,24,276,44,0.159420289855072
1.45,238,20500949,26,325,45,0.138461538461538
1.45,239,20501958,27,351,54,0.153846153846154
1.45,240,20502967,23,253,45,0.177865612648221
1.45,241,20503976,25,300,47,0.156666666666667
1.45,242,20504985,25,300,53,0.176666666666667
1.45,243,20505994,21,210,34,0.161904761904762
1.45,244,20507003,25,300,46,0.153333333333333
1.45,245,20508012,24,276,29,0.105072463768116
1.45,246,20509021,24,276,42,0.152173913043478
1.45,247,20510030,25,300,41,0.136666666666667
1.45,248,20511039,23,253,45,0.177865612648221
1.45,249,20512048,27,351,61,0.173789173789174
1.45,250,20513057,24,276,46,0.166666666666667
1.45,251,20514066,23,253,39,0.154150197628458
1.45,252,20515075,27,351,52,0.148148148148148
1.45,253,20516084,24,276,44,0.159420289855072
1.45,254,20517093,23,253,40,0.158102766798419
1.45,255,20518102,26,325,53,0.163076923076923
1.45,256,20519111,23,253,40,0.158102766798419
1.45,257,20520120,25,300,47,0.156666666666667
1.45,258,20521129,23,253,42,0.16600790513834
1.45,259,20522138,22,231,42,0.181818181818182
1.45,260,20523147,26,325,50,0.153846153846154
1.45,261,20524156,24,276,50,0.181159420289855
1.45,262,20525165,25,300,39,0.13
1.45,263,20526174,25,300,54,0.18
1.45,264,20527183,27,351,60,0.170940170940171
1.45,265,20528192,25,300,51,0.17
1.45,266,20529201,23,253,44,0.173913043478261
1.45,267,20530210,25,300,45,0.15
1.45,268,20531219,25,300,44,0.146666666666667
1.45,269,20532228,24,276,40,0.144927536231884
1.45,270,20533237,24,276,45,0.16304347826087
1.45,271,20534246,25,300,49,0.163333333333333
1.45,272,20535255,25,300,59,0.196666666666667
1.45,273,20536264,23,253,45,0.177865612648221
1.45,274,20537273,26,325,60,0.184615384615385
1.45,275,20538282,24,276,52,0.188405797101449
1.45,276,20539291,24,276,45,0.16304347826087
1.45,277,20540300,25,300,43,0.143333333333333
1.45,278,20541309,25,300,50,0.166666666666667
1.45,279,20542318,24,276,43,0.155797101449275
1.45,280,20543327,23,253,37,0.146245059288538
1.45,281,20544336,23,253,38,0.150197628458498
1.45,282,20545345,26,325,49,0.150769230769231
1.45,283,20546354,24,276,48,0.173913043478261
1.45,284,20547363,23,253,40,0.158102766798419
1.45,285,20548372,24,276,37,0.134057971014493
1.45,286,20549381,25,300,39,0.13
1.45,287,20550390,25,300,52,0.173333333333333
1.45,288,20551399,24,276,46,0.166666666666667
1.45,289,20552408,26,325,55,0.169230769230769
1.45,290,20553417,24,276,39,0.141304347826087
1.45,291,20554426,24,276,47,0.170289855072464
1.45,292,20555435,21,210,40,0.19047619047619
1.45,293,20556444,23,253,42,0.16600790513834
1.45,294,20557453,27,351,53,0.150997150997151
1.45,295,20558462,25,300,46,0.153333333333333
1.45,296,20559471,22,231,36,0.155844155844156
1.45,297,20560480,24,276,42,0.152173913043478
1.45,298,20561489,27,351,58,0.165242165242165
1.45,299,20562498,24,276,40,0.144927536231884
1.45,300,20563507,25,300,48,0.16
1.45,301,20564516,24,276,45,0.16304347826087
1.45,302,20565525,24,276,40,0.144927536231884
1.45,303,20566534,27,351,57,0.162393162393162
1.45,304,20567543,25,300,45,0.15
1.45,305,20568552,24,276,50,0.181159420289855
1.45,306,20569561,26,325,59,0.181538461538462
1.45,307,20570570,25,300,41,0.136666666666667
1.45,308,20571579,22,231,40,0.173160173160173
1.45,309,20572588,25,300,45,0.15
1.45,310,20573597,25,300,50,0.166666666666667
1.45,311,20574606,22,231,37,0.16017316017316
1.45,312,20575615,25,300,46,0.153333333333333
1.45,313,20576624,25,300,42,0.14
1.45,314,20577633,22,231,35,0.151515151515152
1.45,315,20578642,22,231,42,0.181818181818182
1.45,316,20579651,26,325,50,0.153846153846154
1.45,317,20580660,24,276,34,0.123188405797101
1.45,318,20581669,22,231,36,0.155844155844156
1.45,319,20582678,24,276,48,0.173913043478261
1.45,320,20583687,27,351,52,0.148148148148148
1.45,321,20584696,23,253,40,0.158102766798419
1.45,322,20585705,24,276,44,0.159420289855072
1.45,323,20586714,23,253,41,0.162055335968379
1.45,324,20587723,25,300,47,0.156666666666667
1.45,325,20588732,24,276,45,0.16304347826087
1.45,326,20589741,25,300,47,0.156666666666667
1.45,327,20590750,26,325,49,0.150769230769231
1.45,328,20591759,25,300,45,0.15
1.45,329,20592768,27,351,54,0.153846153846154
1.45,330,20593777,21,210,37,0.176190476190476
1.45,331,20594786,25,300,46,0.153333333333333
1.45,332,20595795,26,325,50,0.153846153846154
1.45,333,20596804,23,253,47,0.185770750988142
1.45,334,20597813,23,253,37,0.146245059288538
1.45,335,20598822,25,300,55,0.183333333333333
1.45,336,20599831,27,351,58,0.165242165242165
1.45,337,20600840,25,300,41,0.136666666666667
1.45,338,20601849,25,300,45,0.15
1.45,339,20602858,22,231,35,0.151515151515152
1.45,340,20603867,23,253,39,0.154150197628458
1.45,341,20604876,23,253,35,0.138339920948617
1.45,342,20605885,25,300,46,0.153333333333333
1.45,343,20606894,25,300,48,0.16
1.45,344,20607903,24,276,38,0.13768115942029
1.45,345,20608912,24,276,44,0.159420289855072
1.45,346,20609921,23,253,39,0.154150197628458
1.45,347,20610930,25,300,49,0.163333333333333
1.45,348,20611939,23,253,38,0.150197628458498
1.45,349,20612948,25,300,45,0.15
1.45,350,20613957,25,300,48,0.16
1.45,351,20614966,28,378,54,0.142857142857143
1.45,352,20615975,23,253,35,0.138339920948617
1.45,353,20616984,24,276,39,0.141304347826087
1.45,354,20617993,25,300,43,0.143333333333333
1.45,355,20619002,28,378,60,0.158730158730159
1.45,356,20620011,21,210,28,0.133333333333333
1.45,357,20621020,23,253,49,0.193675889328063
1.45,358,20622029,27,351,55,0.156695156695157
1.45,359,20623038,25,300,49,0.163333333333333
1.45,360,20624047,29,406,56,0.137931034482759
1.45,361,20625056,27,351,57,0.162393162393162
1.45,362,20626065,26,325,52,0.16
1.45,363,20627074,24,276,46,0.166666666666667
1.45,364,20628083,20,190,27,0.142105263157895
1.45,365,20629092,22,231,36,0.155844155844156
1.45,366,20630101,25,300,43,0.143333333333333
1.45,367,20631110,23,253,45,0.177865612648221
1.45,368,20632119,22,231,36,0.155844155844156
1.45,369,20633128,26,325,48,0.147692307692308
1.45,370,20634137,24,276,47,0.170289855072464
1.45,371,20635146,27,351,60,0.170940170940171
1.45,372,20636155,24,276,39,0.141304347826087
1.45,373,20637164,22,231,37,0.16017316017316
1.45,374,20638173,25,300,42,0.14
1.45,375,20639182,26,325,53,0.163076923076923
1.45,376,20640191,27,351,53,0.150997150997151
1.45,377,20641200,21,210,35,0.166666666666667
1.45,378,20642209,24,276,45,0.16304347826087
1.45,379,20643218,26,325,51,0.156923076923077
1.45,380,20644227,25,300,49,0.163333333333333
1.45,381,20645236,25,300,46,0.153333333333333
1.45,382,20646245,25,300,53,0.176666666666667
1.45,383,20647254,24,276,46,0.166666666666667
1.45,384,20648263,24,276,46,0.166666666666667
1.45,385,20649272,25,300,49,0.163333333333333
1.45,386,20650281,26,325,43,0.132307692307692
1.45,387,20651290,24,276,42,0.152173913043478
1.45,388,20652299,22,231,30,0.12987012987013
1.45,389,20653308,26,325,53,0.163076923076923
1.45,390,20654317,24,276,39,0.141304347826087
1.45,391,20655326,24,276,43,0.155797101449275
1.45,392,20656335,24,276,34,0.123188405797101
1.45,393,20657344,23,253,42,0.16600790513834
1.45,394,20658353,23,253,40,0.158102766798419
1.45,395,20659362,26,325,57,0.175384615384615
1.45,396,20660371,24,276,44,0.159420289855072
1.45,397,20661380,27,351,52,0.148148148148148
1.45,398,20662389,25,300,48,0.16
1.45,399,20663398,25,300,48,0.16
1.45,400,20664407,23,253,43,0.1699604743083
1.45,401,20665416,24,276,42,0.152173913043478
1.45,402,20666425,23,253,43,0.1699604743083
1.45,403,20667434,22,231,34,0.147186147186147
1.45,404,20668443,25,300,48,0.16
1.45,405,20669452,23,253,46,0.181818181818182
1.45,406,20670461,25,300,49,0.163333333333333
1.45,407,20671470,26,325,50,0.153846153846154
1.45,408,20672479,24,276,40,0.144927536231884
1.45,409,20673488,26,325,59,0.181538461538462
1.45,410,20674497,22,231,37,0.16017316017316
1.45,411,20675506,24,276,34,0.123188405797101
1.45,412,20676515,25,300,47,0.156666666666667
1.45,413,20677524,22,231,33,0.142857142857143
1.45,414,20678533,24,276,33,0.119565217391304
1.45,415,20679542,24,276,50,0.181159420289855
1.45,416,20680551,23,253,46,0.181818181818182
1.45,417,20681560,26,325,53,0.163076923076923
1.45,418,20682569,26,325,59,0.181538461538462
1.45,419,20683578,27,351,49,0.13960113960114
1.45,420,20684587,25,300,57,0.19
1.45,421,20685596,23,253,48,0.189723320158103
1.45,422,20686605,26,325,54,0.166153846153846
1.45,423,20687614,24,276,45,0.16304347826087
1.45,424,20688623,25,300,51,0.17
1.45,425,20689632,25,300,42,0.14
1.45,426,20690641,24,276,45,0.16304347826087
1.45,427,20691650,23,253,35,0.138339920948617
1.45,428,20692659,29,406,61,0.150246305418719
1.45,429,20693668,24,276,46,0.166666666666667
1.45,430,20694677,21,210,31,0.147619047619048
1.45,431,20695686,27,351,53,0.150997150997151
1.45,432,20696695,24,276,45,0.16304347826087
1.45,433,20697704,26,325,48,0.147692307692308
1.45,434,20698713,24,276,45,0.16304347826087
1.45,435,20699722,23,253,39,0.154150197628458
1.45,436,20700731,23,253,39,0.154150197628458
1.45,437,20701740,26,325,48,0.147692307692308
1.45,438,20702749,27,351,57,0.162393162393162
1.45,439,20703758,24,276,41,0.148550724637681
1.45,440,20704767,26,325,45,0.138461538461538
1.45,441,20705776,26,325,45,0.138461538461538
1.45,442,20706785,24,276,50,0.181159420289855
1.45,443,20707794,27,351,62,0.176638176638177
1.45,444,20708803,22,231,32,0.138528138528139
1.45,445,20709812,26,325,58,0.178461538461538
1.45,446,20710821,24,276,42,0.152173913043478
1.45,447,20711830,25,300,50,0.166666666666667
1.45,448,20712839,23,253,34,0.134387351778656
1.45,449,20713848,25,300,46,0.153333333333333
1.45,450,20714857,27,351,60,0.170940170940171
1.45,451,20715866,25,300,53,0.176666666666667
1.45,452,20716875,24,276,46,0.166666666666667
1.45,453,20717884,25,300,57,0.19
1.45,454,20718893,20,190,27,0.142105263157895
1.45,455,20719902,25,300,39,0.13
1.45,456,20720911,22,231,34,0.147186147186147
1.45,457,20721920,24,276,45,0.16304347826087
1.45,458,20722929,25,300,48,0.16
1.45,459,20723938,25,300,49,0.163333333333333
1.45,460,20724947,23,253,37,0.146245059288538
1.45,461,20725956,23,253,40,0.158102766798419
1.45,462,20726965,24,276,36,0.130434782608696
1.45,463,20727974,25,300,48,0.16
1.45,464,20728983,23,253,42,0.16600790513834
1.45,465,20729992,24,276,43,0.155797101449275
1.45,466,20731001,26,325,50,0.153846153846154
1.45,467,20732010,26,325,59,0.181538461538462
1.45,468,20733019,21,210,39,0.185714285714286
1.45,469,20734028,24,276,42,0.152173913043478
1.45,470,20735037,25,300,50,0.166666666666667
1.45,471,20736046,28,378,55,0.145502645502645
1.45,472,20737055,24,276,41,0.148550724637681
1.45,473,20738064,24,276,41,0.148550724637681
1.45,474,20739073,20,190,35,0.184210526315789
1.45,475,20740082,23,253,38,0.150197628458498
1.45,476,20741091,26,325,56,0.172307692307692
1.45,477,20742100,26,325,50,0.153846153846154
1.45,478,20743109,24,276,39,0.141304347826087
1.45,479,20744118,24,276,42,0.152173913043478
1.45,480,20745127,24,276,47,0.170289855072464
1.45,481,20746136,23,253,44,0.173913043478261
1.45,482,20747145,25,300,44,0.146666666666667
1.45,483,20748154,26,325,52,0.16
1.45,484,20749163,25,300,43,0.143333333333333
1.45,485,20750172,22,231,36,0.155844155844156
1.45,486,20751181,24,276,44,0.159420289855072
1.45,487,20752190,27,351,51,0.145299145299145
1.45,488,20753199,27,351,45,0.128205128205128
1.45,489,20754208,24,276,49,0.177536231884058
1.45,490,20755217,28,378,59,0.156084656084656
1.45,491,20756226,26,325,55,0.169230769230769
1.45,492,20757235,25,300,42,0.14
1.45,493,20758244,24,276,39,0.141304347826087
1.45,494,20759253,24,276,38,0.13768115942029
1.45,495,20760262,25,300,42,0.14
1.45,496,20761271,25,300,46,0.153333333333333
1.45,497,20762280,26,325,43,0.132307692307692
1.45,498,20763289,23,253,42,0.16600790513834
1.45,499,20764298,25,300,41,0.136666666666667
1.45,500,20765307,25,300,38,0.126666666666667
1.45,501,20766316,22,231,39,0.168831168831169
1.45,502,20767325,24,276,43,0.155797101449275
1.45,503,20768334,26,325,53,0.163076923076923
1.45,504,20769343,25,300,50,0.166666666666667
1.45,505,20770352,24,276,41,0.148550724637681
1.45,506,20771361,28,378,60,0.158730158730159
1.45,507,20772370,24,276,46,0.166666666666667
1.45,508,20773379,28,378,63,0.166666666666667
1.45,509,20774388,24,276,38,0.13768115942029
1.45,510,20775397,26,325,60,0.184615384615385
1.45,511,20776406,26,325,48,0.147692307692308
1.45,512,20777415,27,351,48,0.136752136752137
1.45,513,20778424,24,276,39,0.141304347826087
1.45,514,20779433,27,351,61,0.173789173789174
1.45,515,20780442,27,351,44,0.125356125356125
1.45,516,20781451,24,276,37,0.134057971014493
1.45,517,20782460,25,300,50,0.166666666666667
1.45,518,20783469,23,253,48,0.189723320158103
1.45,519,20784478,23,253,39,0.154150197628458
1.45,520,20785487,25,300,42,0.14
1.45,521,20786496,22,231,38,0.164502164502165
1.45,522,20787505,25,300,44,0.146666666666667
1.45,523,20788514,25,300,39,0.13
1.45,524,20789523,23,253,43,0.1699604743083
1.45,525,20790532,26,325,54,0.166153846153846
1.45,526,20791541,25,300,52,0.173333333333333
1.45,527,20792550,27,351,57,0.162393162393162
1.45,528,20793559,25,300,43,0.143333333333333
1.45,529,20794568,24,276,43,0.155797101449275
1.45,530,20795577,25,300,42,0.14
1.45,531,20796586,23,253,40,0.158102766798419
1.45,532,20797595,25,300,46,0.153333333333333
1.45,533,20798604,25,300,41,0.136666666666667
1.45,534,20799613,23,253,47,0.185770750988142
1.45,535,20800622,24,276,43,0.155797101449275
1.45,536,20801631,23,253,42,0.16600790513834
1.45,537,20802640,24,276,40,0.144927536231884
1.45,538,20803649,21,210,36,0.171428571428571
1.45,539,20804658,25,300,44,0.146666666666667
1.45,540,20805667,24,276,43,0.155797101449275
1.45,541,20806676,25,300,50,0.166666666666667
1.45,542,20807685,24,276,44,0.159420289855072
1.45,543,20808694,23,253,33,0.130434782608696
1.45,544,20809703,23,253,41,0.162055335968379
1.45,545,20810712,24,276,49,0.177536231884058
1.45,546,20811721,24,276,47,0.170289855072464
1.45,547,20812730,23,253,39,0.154150197628458
1.45,548,20813739,25,300,44,0.146666666666667
1.45,549,20814748,25,300,42,0.14
1.45,550,20815757,25,300,44,0.146666666666667
1.45,551,20816766,24,276,44,0.159420289855072
1.45,552,20817775,22,231,32,0.138528138528139
1.45,553,20818784,25,300,53,0.176666666666667
1.45,554,20819793,24,276,38,0.13768115942029
1.45,555,20820802,23,253,44,0.173913043478261
1.45,556,20821811,26,325,48,0.147692307692308
1.45,557,20822820,25,300,44,0.146666666666667
1.45,558,20823829,26,325,46,0.141538461538462
1.45,559,20824838,23,253,38,0.150197628458498
1.45,560,20825847,24,276,53,0.192028985507246
1.45,561,20826856,26,325,56,0.172307692307692
1.45,562,20827865,27,351,54,0.153846153846154
1.45,563,20828874,24,276,41,0.148550724637681
1.45,564,20829883,21,210,36,0.171428571428571
1.45,565,20830892,25,300,42,0.14
1.45,566,20831901,23,253,35,0.138339920948617
1.45,567,20832910,23,253,49,0.193675889328063
1.45,568,20833919,26,325,50,0.153846153846154
1.45,569,20834928,24,276,38,0.13768115942029
1.45,570,20835937,26,325,47,0.144615384615385
1.45,571,20836946,22,231,37,0.16017316017316
1.45,572,20837955,23,253,40,0.158102766798419
1.45,573,20838964,25,300,50,0.166666666666667
1.45,574,20839973,21,210,31,0.147619047619048
1.45,575,20840982,23,253,36,0.142292490118577
1.45,576,20841991,27,351,61,0.173789173789174
1.45,577,20843000,26,325,40,0.123076923076923
1.45,578,20844009,24,276,45,0.16304347826087
1.45,579,20845018,26,325,47,0.144615384615385
1.45,580,20846027,23,253,47,0.185770750988142
1.45,581,20847036,27,351,66,0.188034188034188
1.45,582,20848045,24,276,37,0.134057971014493
1.45,583,20849054,26,325,52,0.16
1.45,584,20850063,24,276,50,0.181159420289855
1.45,585,20851072,26,325,51,0.156923076923077
1.45,586,20852081,24,276,41,0.148550724637681
1.45,587,20853090,23,253,37,0.146245059288538
1.45,588,20854099,24,276,40,0.144927536231884
1.45,589,20855108,25,300,43,0.143333333333333
1.45,590,20856117,23,253,35,0.138339920948617
1.45,591,20857126,22,231,30,0.12987012987013
1.45,592,20858135,24,276,41,0.148550724637681
1.45,593,20859144,24,276,46,0.166666666666667
1.45,594,20860153,23,253,45,0.177865612648221
1.45,595,20861162,27,351,59,0.168091168091168
1.45,596,20862171,23,253,41,0.162055335968379
1.45,597,20863180,26,325,46,0.141538461538462
1.45,598,20864189,24,276,44,0.159420289855072
1.45,599,20865198,26,325,49,0.150769230769231
1.45,600,20866207,25,300,55,0.183333333333333
1.45,601,20867216,25,300,41,0.136666666666667
1.45,602,20868225,24,276,47,0.170289855072464
1.45,603,20869234,23,253,39,0.154150197628458
1.45,604,20870243,27,351,60,0.170940170940171
1.45,605,20871252,26,325,45,0.138461538461538
1.45,606,20872261,25,300,50,0.166666666666667
1.45,607,20873270,23,253,43,0.1699604743083
1.45,608,20874279,28,378,61,0.161375661375661
1.45,609,20875288,23,253,45,0.177865612648221
1.45,610,20876297,25,300,44,0.146666666666667
1.45,611,20877306,24,276,44,0.159420289855072
1.45,612,20878315,27,351,56,0.15954415954416
1.45,613,20879324,22,231,39,0.168831168831169
1.45,614,20880333,25,300,50,0.166666666666667
1.45,615,20881342,22,231,45,0.194805194805195
1.45,616,20882351,27,351,50,0.142450142450142
1.45,617,20883360,26,325,59,0.181538461538462
1.45,618,20884369,21,210,38,0.180952380952381
1.45,619,20885378,24,276,49,0.177536231884058
1.45,620,20886387,24,276,44,0.159420289855072
1.45,621,20887396,25,300,44,0.146666666666667
1.45,622,20888405,23,253,44,0.173913043478261
1.45,623,20889414,25,300,45,0.15
1.45,624,20890423,23,253,51,0.201581027667984
1.45,625,20891432,23,253,37,0.146245059288538
1.45,626,20892441,22,231,33,0.142857142857143
1.45,627,20893450,25,300,51,0.17
1.45,628,20894459,28,378,58,0.153439153439153
1.45,629,20895468,23,253,40,0.158102766798419
1.45,630,20896477,23,253,41,0.162055335968379
1.45,631,20897486,23,253,34,0.134387351778656
1.45,632,20898495,24,276,45,0.16304347826087
1.45,633,20899504,23,253,40,0.158102766798419
1.45,634,20900513,26,325,55,0.169230769230769
1.45,635,20901522,22,231,41,0.177489177489178
1.45,636,20902531,23,253,41,0.162055335968379
1.45,637,20903540,25,300,44,0.146666666666667
1.45,638,20904549,25,300,47,0.156666666666667
1.45,639,20905558,23,253,38,0.150197628458498
1.45,640,20906567,26,325,43,0.132307692307692
1.45,641,20907576,25,300,49,0.163333333333333
1.45,642,20908585,26,325,51,0.156923076923077
1.45,643,20909594,25,300,44,0.146666666666667
1.45,644,20910603,28,378,58,0.153439153439153
1.45,645,20911612,21,210,36,0.171428571428571
1.45,646,20912621,27,351,55,0.156695156695157
1.45,647,20913630,25,300,51,0.17
1.45,648,20914639,28,378,61,0.161375661375661
1.45,649,20915648,25,300,54,0.18
1.45,650,20916657,21,210,30,0.142857142857143
1.45,651,20917666,26,325,51,0.156923076923077
1.45,652,20918675,24,276,44,0.159420289855072
1.45,653,20919684,24,276,43,0.155797101449275
1.45,654,20920693,26,325,48,0.147692307692308
1.45,655,20921702,27,351,48,0.136752136752137
1.45,656,20922711,26,325,47,0.144615384615385
1.45,657,20923720,24,276,42,0.152173913043478
1.45,658,20924729,26,325,49,0.150769230769231
1.45,659,20925738,26,325,51,0.156923076923077
1.45,660,20926747,27,351,57,0.162393162393162
1.45,661,20927756,26,325,51,0.156923076923077
1.45,662,20928765,23,253,40,0.158102766798419
1.45,663,20929774,26,325,51,0.156923076923077
1.45,664,20930783,23,253,36,0.142292490118577
1.45,665,20931792,24,276,43,0.155797101449275
1.45,666,20932801,24,276,49,0.177536231884058
1.45,667,20933810,23,253,42,0.16600790513834
1.45,668,20934819,23,253,45,0.177865612648221
1.45,669,20935828,27,351,56,0.15954415954416
1.45,670,20936837,27,351,49,0.13960113960114
1.45,671,20937846,26,325,44,0.135384615384615
1.45,672,20938855,24,276,52,0.188405797101449
1.45,673,20939864,24,276,46,0.166666666666667
1.45,674,20940873,27,351,59,0.168091168091168
1.45,675,20941882,28,378,67,0.177248677248677
1.45,676,20942891,24,276,44,0.159420289855072
1.45,677,20943900,23,253,44,0.173913043478261
1.45,678,20944909,24,276,40,0.144927536231884
1.45,679,20945918,25,300,53,0.176666666666667
1.45,680,20946927,26,325,52,0.16
1.45,681,20947936,25,300,59,0.196666666666667
1.45,682,20948945,25,300,49,0.163333333333333
1.45,683,20949954,24,276,44,0.159420289855072
1.45,684,20950963,24,276,43,0.155797101449275
1.45,685,20951972,27,351,57,0.162393162393162
1.45,686,20952981,23,253,40,0.158102766798419
1.45,687,20953990,24,276,43,0.155797101449275
1.45,688,20954999,24,276,42,0.152173913043478
1.45,689,20956008,24,276,45,0.16304347826087
1.45,690,20957017,22,231,33,0.142857142857143
1.45,691,20958026,21,210,37,0.176190476190476
1.45,692,20959035,23,253,43,0.1699604743083
1.45,693,20960044,25,300,43,0.143333333333333
1.45,694,20961053,24,276,52,0.188405797101449
1.45,695,20962062,26,325,56,0.172307692307692
1.45,696,20963071,24,276,41,0.148550724637681
1.45,697,20964080,24,276,42,0.152173913043478
1.45,698,20965089,24,276,36,0.130434782608696
1.45,699,20966098,23,253,47,0.185770750988142
1.45,700,20967107,25,300,49,0.163333333333333
1.45,701,20968116,26,325,50,0.153846153846154
1.45,702,20969125,24,276,43,0.155797101449275
1.45,703,20970134,23,253,42,0.16600790513834
1.45,704,20971143,25,300,43,0.143333333333333
1.45,705,20972152,24,276,45,0.16304347826087
1.45,706,20973161,26,325,53,0.163076923076923
1.45,707,20974170,26,325,45,0.138461538461538
1.45,708,20975179,27,351,48,0.136752136752137
1.45,709,20976188,22,231,37,0.16017316017316
1.45,710,20977197,24,276,46,0.166666666666667
1.45,711,20978206,24,276,41,0.148550724637681
1.45,712,20979215,22,231,34,0.147186147186147
1.45,713,20980224,26,325,46,0.141538461538462
1.45,714,20981233,27,351,55,0.156695156695157
1.45,715,20982242,24,276,51,0.184782608695652
1.45,716,20983251,24,276,45,0.16304347826087
1.45,717,20984260,24,276,42,0.152173913043478
1.45,718,20985269,24,276,45,0.16304347826087
1.45,719,20986278,22,231,41,0.177489177489178
1.45,720,20987287,26,325,58,0.178461538461538
1.45,721,20988296,22,231,36,0.155844155844156
1.45,722,20989305,24,276,47,0.170289855072464
1.45,723,20990314,27,351,57,0.162393162393162
1.45,724,20991323,27,351,57,0.162393162393162
1.45,725,20992332,23,253,33,0.130434782608696
1.45,726,20993341,25,300,47,0.156666666666667
1.45,727,20994350,27,351,59,0.168091168091168
1.45,728,20995359,24,276,53,0.192028985507246
1.45,729,20996368,25,300,42,0.14
1.45,730,20997377,25,300,44,0.146666666666667
1.45,731,20998386,26,325,48,0.147692307692308
1.45,732,20999395,23,253,45,0.177865612648221
1.45,733,21000404,24,276,43,0.155797101449275
1.45,734,21001413,24,276,48,0.173913043478261
1.45,735,21002422,22,231,39,0.168831168831169
1.45,736,21003431,26,325,49,0.150769230769231
1.45,737,21004440,25,300,58,0.193333333333333
1.45,738,21005449,24,276,43,0.155797101449275
1.45,739,21006458,25,300,43,0.143333333333333
1.45,740,21007467,25,300,47,0.156666666666667
1.45,741,21008476,24,276,45,0.16304347826087
1.45,742,21009485,25,300,44,0.146666666666667
1.45,743,21010494,26,325,48,0.147692307692308
1.45,744,21011503,24,276,43,0.155797101449275
1.45,745,21012512,25,300,39,0.13
1.45,746,21013521,23,253,41,0.162055335968379
1.45,747,21014530,22,231,39,0.168831168831169
1.45,748,21015539,24,276,54,0.195652173913043
1.45,749,21016548,24,276,48,0.173913043478261
1.45,750,21017557,23,253,36,0.142292490118577
1.45,751,21018566,25,300,40,0.133333333333333
1.45,752,21019575,25,300,42,0.14
1.45,753,21020584,24,276,48,0.173913043478261
1.45,754,21021593,25,300,49,0.163333333333333
1.45,755,21022602,28,378,59,0.156084656084656
1.45,756,21023611,23,253,39,0.154150197628458
1.45,757,21024620,24,276,42,0.152173913043478
1.45,758,21025629,22,231,33,0.142857142857143
1.45,759,21026638,24,276,49,0.177536231884058
1.45,760,21027647,25,300,44,0.146666666666667
1.45,761,21028656,23,253,46,0.181818181818182
1.45,762,21029665,24,276,42,0.152173913043478
1.45,763,21030674,28,378,56,0.148148148148148
1.45,764,21031683,27,351,46,0.131054131054131
1.45,765,21032692,26,325,41,0.126153846153846
1.45,766,21033701,27,351,54,0.153846153846154
1.45,767,21034710,23,253,37,0.146245059288538
1.45,768,21035719,24,276,42,0.152173913043478
1.45,769,21036728,22,231,39,0.168831168831169
1.45,770,21037737,26,325,49,0.150769230769231
1.45,771,21038746,25,300,47,0.156666666666667
1.45,772,21039755,26,325,49,0.150769230769231
1.45,773,21040764,24,276,49,0.177536231884058
1.45,774,21041773,27,351,47,0.133903133903134
1.45,775,21042782,25,300,41,0.136666666666667
1.45,776,21043791,24,276,45,0.16304347826087
1.45,777,21044800,23,253,35,0.138339920948617
1.45,778,21045809,26,325,54,0.166153846153846
1.45,779,21046818,25,300,53,0.176666666666667
1.45,780,21047827,23,253,40,0.158102766798419
1.45,781,21048836,23,253,46,0.181818181818182
1.45,782,21049845,24,276,43,0.155797101449275
1.45,783,21050854,23,253,37,0.146245059288538
1.45,784,21051863,24,276,41,0.148550724637681
1.45,785,21052872,25,300,51,0.17
1.45,786,21053881,27,351,49,0.13960113960114
1.45,787,21054890,25,300,47,0.156666666666667
1.45,788,21055899,24,276,51,0.184782608695652
1.45,789,21056908,26,325,54,0.166153846153846
1.45,790,21057917,25,300,44,0.146666666666667
1.45,791,21058926,23,253,33,0.130434782608696
1.45,792,21059935,25,300,44,0.146666666666667
1.45,793,21060944,26,325,54,0.166153846153846
1.45,794,21061953,27,351,61,0.173789173789174
1.45,795,21062962,24,276,34,0.123188405797101
1.45,796,21063971,22,231,43,0.186147186147186
1.45,797,21064980,23,253,39,0.154150197628458
1.45,798,21065989,24,276,47,0.170289855072464
1.45,799,21066998,24,276,42,0.152173913043478
1.45,800,21068007,25,300,50,0.166666666666667
1.45,801,21069016,24,276,45,0.16304347826087
1.45,802,21070025,24,276,40,0.144927536231884
1.45,803,21071034,26,325,46,0.141538461538462
1.45,804,21072043,26,325,46,0.141538461538462
1.45,805,21073052,24,276,47,0.170289855072464
1.45,806,21074061,25,300,54,0.18
1.45,807,21075070,26,325,58,0.178461538461538
1.45,808,21076079,25,300,47,0.156666666666667
1.45,809,21077088,24,276,46,0.166666666666667
1.45,810,21078097,23,253,40,0.158102766798419
1.45,811,21079106,24,276,45,0.16304347826087
1.45,812,21080115,26,325,52,0.16
1.45,813,21081124,24,276,37,0.134057971014493
1.45,814,21082133,25,300,39,0.13
1.45,815,21083142,24,276,47,0.170289855072464
1.45,816,21084151,25,300,50,0.166666666666667
1.45,817,21085160,25,300,52,0.173333333333333
1.45,818,21086169,26,325,58,0.178461538461538
1.45,819,21087178,25,300,53,0.176666666666667
1.45,820,21088187,23,253,43,0.1699604743083
1.45,821,21089196,23,253,43,0.1699604743083
1.45,822,21090205,24,276,50,0.181159420289855
1.45,823,21091214,23,253,40,0.158102766798419
1.45,824,21092223,27,351,52,0.148148148148148
1.45,825,21093232,24,276,49,0.177536231884058
1.45,826,21094241,24,276,43,0.155797101449275
1.45,827,21095250,24,276,48,0.173913043478261
1.45,828,21096259,27,351,45,0.128205128205128
1.45,829,21097268,25,300,46,0.153333333333333
1.45,830,21098277,24,276,42,0.152173913043478
1.45,831,21099286,25,300,50,0.166666666666667
1.45,832,21100295,22,231,35,0.151515151515152
1.45,833,21101304,25,300,53,0.176666666666667
1.45,834,21102313,23,253,40,0.158102766798419
1.45,835,21103322,26,325,55,0.169230769230769
1.45,836,21104331,25,300,39,0.13
1.45,837,21105340,25,300,45,0.15
1.45,838,21106349,24,276,42,0.152173913043478
1.45,839,21107358,23,253,45,0.177865612648221
1.45,840,21108367,23,253,47,0.185770750988142
1.45,841,21109376,26,325,58,0.178461538461538
1.45,842,21110385,26,325,50,0.153846153846154
1.45,843,21111394,25,300,40,0.133333333333333
1.45,844,21112403,25,300,37,0.123333333333333
1.45,845,21113412,26,325,49,0.150769230769231
1.45,846,21114421,26,325,63,0.193846153846154
1.45,847,21115430,24,276,48,0.173913043478261
1.45,848,21116439,26,325,47,0.144615384615385
1.45,849,21117448,25,300,42,0.14
1.45,850,21118457,24,276,44,0.159420289855072
1.45,851,21119466,27,351,52,0.148148148148148
1.45,852,21120475,23,253,50,0.197628458498024
1.45,853,21121484,25,300,43,0.143333333333333
1.45,854,21122493,25,300,42,0.14
1.45,855,21123502,26,325,47,0.144615384615385
1.45,856,21124511,24,276,40,0.144927536231884
1.45,857,21125520,24,276,48,0.173913043478261
1.45,858,21126529,26,325,44,0.135384615384615
1.45,859,21127538,29,406,64,0.157635467980296
1.45,860,21128547,27,351,59,0.168091168091168
1.45,861,21129556,24,276,43,0.155797101449275
1.45,862,21130565,26,325,57,0.175384615384615
1.45,863,21131574,26,325,50,0.153846153846154
1.45,864,21132583,24,276,45,0.16304347826087
1.45,865,21133592,25,300,51,0.17
1.45,866,21134601,26,325,47,0.144615384615385
1.45,867,21135610,24,276,36,0.130434782608696
1.45,868,21136619,23,253,35,0.138339920948617
1.45,869,21137628,23,253,42,0.16600790513834
1.45,870,21138637,23,253,35,0.138339920948617
1.45,871,21139646,23,253,42,0.16600790513834
1.45,872,21140655,22,231,32,0.138528138528139
1.45,873,21141664,22,231,44,0.19047619047619
1.45,874,21142673,27,351,54,0.153846153846154
1.45,875,21143682,23,253,41,0.162055335968379
1.45,876,21144691,26,325,47,0.144615384615385
1.45,877,21145700,28,378,63,0.166666666666667
1.45,878,21146709,21,210,36,0.171428571428571
1.45,879,21147718,24,276,42,0.152173913043478
1.45,880,21148727,23,253,48,0.189723320158103
1.45,881,21149736,24,276,46,0.166666666666667
1.45,882,21150745,23,253,38,0.150197628458498
1.45,883,21151754,25,300,44,0.146666666666667
1.45,884,21152763,23,253,42,0.16600790513834
1.45,885,21153772,24,276,42,0.152173913043478
1.45,886,21154781,25,300,53,0.176666666666667
1.45,887,21155790,26,325,58,0.178461538461538
1.45,888,21156799,24,276,45,0.16304347826087
1.45,889,21157808,21,210,36,0.171428571428571
1.45,890,21158817,24,276,49,0.177536231884058
1.45,891,21159826,24,276,38,0.13768115942029
1.45,892,21160835,23,253,39,0.154150197628458
1.45,893,21161844,27,351,55,0.156695156695157
1.45,894,21162853,24,276,42,0.152173913043478
1.45,895,21163862,25,300,45,0.15
1.45,896,21164871,24,276,44,0.159420289855072
1.45,897,21165880,25,300,49,0.163333333333333
1.45,898,21166889,26,325,62,0.190769230769231
1.45,899,21167898,25,300,43,0.143333333333333
1.45,900,21168907,25,300,51,0.17
1.45,901,21169916,21,210,33,0.157142857142857
1.45,902,21170925,26,325,51,0.156923076923077
1.45,903,21171934,26,325,50,0.153846153846154
1.45,904,21172943,26,325,45,0.138461538461538
1.45,905,21173952,23,253,41,0.162055335968379
1.45,906,21174961,23,253,38,0.150197628458498
1.45,907,21175970,26,325,45,0.138461538461538
1.45,908,21176979,25,300,50,0.166666666666667
1.45,909,21177988,25,300,56,0.186666666666667
1.45,910,21178997,24,276,42,0.152173913043478
1.45,911,21180006,26,325,51,0.156923076923077
1.45,912,21181015,25,300,49,0.163333333333333
1.45,913,21182024,25,300,54,0.18
1.45,914,21183033,27,351,46,0.131054131054131
1.45,915,21184042,27,351,46,0.131054131054131
1.45,916,21185051,24,276,46,0.166666666666667
1.45,917,21186060,25,300,52,0.173333333333333
1.45,918,21187069,23,253,38,0.150197628458498
1.45,919,21188078,25,300,52,0.173333333333333
1.45,920,21189087,25,300,47,0.156666666666667
1.45,921,21190096,25,300,43,0.143333333333333
1.45,922,21191105,25,300,44,0.146666666666667
1.45,923,21192114,27,351,60,0.170940170940171
1.45,924,21193123,22,231,38,0.164502164502165
1.45,925,21194132,25,300,49,0.163333333333333
1.45,926,21195141,27,351,58,0.165242165242165
1.45,927,21196150,26,325,58,0.178461538461538
1.45,928,21197159,27,351,56,0.15954415954416
1.45,929,21198168,27,351,51,0.145299145299145
1.45,930,21199177,26,325,47,0.144615384615385
1.45,931,21200186,25,300,49,0.163333333333333
1.45,932,21201195,24,276,42,0.152173913043478
1.45,933,21202204,23,253,47,0.185770750988142
1.45,934,21203213,26,325,51,0.156923076923077
1.45,935,21204222,23,253,33,0.130434782608696
1.45,936,21205231,24,276,42,0.152173913043478
1.45,937,21206240,24,276,38,0.13768115942029
1.45,938,21207249,23,253,40,0.158102766798419
1.45,939,21208258,27,351,53,0.150997150997151
1.45,940,21209267,25,300,44,0.146666666666667
1.45,941,21210276,24,276,43,0.155797101449275
1.45,942,21211285,28,378,65,0.171957671957672
1.45,943,21212294,26,325,49,0.150769230769231
1.45,944,21213303,24,276,45,0.16304347826087
1.45,945,21214312,25,300,53,0.176666666666667
1.45,946,21215321,27,351,53,0.150997150997151
1.45,947,21216330,26,325,49,0.150769230769231
1.45,948,21217339,24,276,38,0.13768115942029
1.45,949,21218348,22,231,33,0.142857142857143
1.45,950,21219357,26,325,51,0.156923076923077
1.45,951,21220366,28,378,64,0.169312169312169
1.45,952,21221375,25,300,44,0.146666666666667
1.45,953,21222384,23,253,42,0.16600790513834
1.45,954,21223393,26,325,54,0.166153846153846
1.45,955,21224402,24,276,44,0.159420289855072
1.45,956,21225411,25,300,49,0.163333333333333
1.45,957,21226420,25,300,47,0.156666666666667
1.45,958,21227429,25,300,50,0.166666666666667
1.45,959,21228438,26,325,50,0.153846153846154
1.45,960,21229447,27,351,58,0.165242165242165
1.45,961,21230456,21,210,34,0.161904761904762
1.45,962,21231465,24,276,50,0.181159420289855
1.45,963,21232474,24,276,45,0.16304347826087
1.45,964,21233483,25,300,55,0.183333333333333
1.45,965,21234492,23,253,40,0.158102766798419
1.45,966,21235501,24,276,41,0.148550724637681
1.45,967,21236510,25,300,46,0.153333333333333
1.45,968,21237519,23,253,44,0.173913043478261
1.45,969,21238528,24,276,46,0.166666666666667
1.45,970,21239537,26,325,52,0.16
1.45,971,21240546,24,276,43,0.155797101449275
1.45,972,21241555,26,325,52,0.16
1.45,973,21242564,24,276,53,0.192028985507246
1.45,974,21243573,23,253,39,0.154150197628458
1.45,975,21244582,24,276,47,0.170289855072464
1.45,976,21245591,23,253,38,0.150197628458498
1.45,977,21246600,25,300,51,0.17
1.45,978,21247609,23,253,37,0.146245059288538
1.45,979,21248618,22,231,36,0.155844155844156
1.45,980,21249627,22,231,37,0.16017316017316
1.45,981,21250636,24,276,55,0.199275362318841
1.45,982,21251645,24,276,40,0.144927536231884
1.45,983,21252654,27,351,47,0.133903133903134
1.45,984,21253663,27,351,53,0.150997150997151
1.45,985,21254672,27,351,50,0.142450142450142
1.45,986,21255681,26,325,45,0.138461538461538
1.45,987,21256690,21,210,35,0.166666666666667
1.45,988,21257699,25,300,43,0.143333333333333
1.45,989,21258708,24,276,41,0.148550724637681
1.45,990,21259717,24,276,38,0.13768115942029
1.45,991,21260726,24,276,41,0.148550724637681
1.45,992,21261735,26,325,44,0.135384615384615
1.45,993,21262744,24,276,42,0.152173913043478
1.45,994,21263753,28,378,57,0.150793650793651
1.45,995,21264762,22,231,40,0.173160173160173
1.45,996,21265771,22,231,43,0.186147186147186
1.45,997,21266780,24,276,35,0.126811594202899
1.45,998,21267789,23,253,45,0.177865612648221
1.45,999,21268798,27,351,52,0.148148148148148
1.45,1000,21269807,25,300,43,0.143333333333333
1.5,1,20261816,21,210,37,0.176190476190476
1.5,2,20262825,25,300,38,0.126666666666667
1.5,3,20263834,23,253,34,0.134387351778656
1.5,4,20264843,23,253,37,0.146245059288538
1.5,5,20265852,21,210,39,0.185714285714286
1.5,6,20266861,25,300,51,0.17
1.5,7,20267870,25,300,48,0.16
1.5,8,20268879,23,253,42,0.16600790513834
1.5,9,20269888,24,276,40,0.144927536231884
1.5,10,20270897,27,351,66,0.188034188034188
1.5,11,20271906,21,210,26,0.123809523809524
1.5,12,20272915,21,210,34,0.161904761904762
1.5,13,20273924,23,253,43,0.1699604743083
1.5,14,20274933,22,231,39,0.168831168831169
1.5,15,20275942,25,300,47,0.156666666666667
1.5,16,20276951,22,231,29,0.125541125541126
1.5,17,20277960,23,253,40,0.158102766798419
1.5,18,20278969,21,210,35,0.166666666666667
1.5,19,20279978,21,210,36,0.171428571428571
1.5,20,20280987,23,253,41,0.162055335968379
1.5,21,20281996,20,190,31,0.163157894736842
1.5,22,20283005,25,300,42,0.14
1.5,23,20284014,22,231,36,0.155844155844156
1.5,24,20285023,24,276,49,0.177536231884058
1.5,25,20286032,24,276,42,0.152173913043478
1.5,26,20287041,21,210,32,0.152380952380952
1.5,27,20288050,22,231,30,0.12987012987013
1.5,28,20289059,24,276,47,0.170289855072464
1.5,29,20290068,23,253,41,0.162055335968379
1.5,30,20291077,22,231,29,0.125541125541126
1.5,31,20292086,24,276,49,0.177536231884058
1.5,32,20293095,21,210,31,0.147619047619048
1.5,33,20294104,25,300,44,0.146666666666667
1.5,34,20295113,21,210,31,0.147619047619048
1.5,35,20296122,22,231,38,0.164502164502165
1.5,36,20297131,26,325,54,0.166153846153846
1.5,37,20298140,24,276,49,0.177536231884058
1.5,38,20299149,24,276,48,0.173913043478261
1.5,39,20300158,22,231,39,0.168831168831169
1.5,40,20301167,21,210,35,0.166666666666667
1.5,41,20302176,23,253,42,0.16600790513834
1.5,42,20303185,23,253,36,0.142292490118577
1.5,43,20304194,23,253,39,0.154150197628458
1.5,44,20305203,23,253,32,0.126482213438735
1.5,45,20306212,22,231,43,0.186147186147186
1.5,46,20307221,20,190,31,0.163157894736842
1.5,47,20308230,23,253,39,0.154150197628458
1.5,48,20309239,23,253,36,0.142292490118577
1.5,49,20310248,21,210,35,0.166666666666667
1.5,50,20311257,21,210,31,0.147619047619048
1.5,51,20312266,23,253,46,0.181818181818182
1.5,52,20313275,20,190,33,0.173684210526316
1.5,53,20314284,24,276,47,0.170289855072464
1.5,54,20315293,22,231,36,0.155844155844156
1.5,55,20316302,22,231,35,0.151515151515152
1.5,56,20317311,22,231,33,0.142857142857143
1.5,57,20318320,22,231,36,0.155844155844156
1.5,58,20319329,23,253,41,0.162055335968379
1.5,59,20320338,21,210,34,0.161904761904762
1.5,60,20321347,19,171,28,0.16374269005848
1.5,61,20322356,22,231,36,0.155844155844156
1.5,62,20323365,24,276,47,0.170289855072464
1.5,63,20324374,24,276,45,0.16304347826087
1.5,64,20325383,22,231,40,0.173160173160173
1.5,65,20326392,24,276,53,0.192028985507246
1.5,66,20327401,21,210,29,0.138095238095238
1.5,67,20328410,22,231,43,0.186147186147186
1.5,68,20329419,22,231,31,0.134199134199134
1.5,69,20330428,20,190,28,0.147368421052632
1.5,70,20331437,23,253,39,0.154150197628458
1.5,71,20332446,22,231,43,0.186147186147186
1.5,72,20333455,22,231,39,0.168831168831169
1.5,73,20334464,23,253,34,0.134387351778656
1.5,74,20335473,24,276,48,0.173913043478261
1.5,75,20336482,20,190,26,0.136842105263158
1.5,76,20337491,22,231,38,0.164502164502165
1.5,77,20338500,26,325,49,0.150769230769231
1.5,78,20339509,22,231,35,0.151515151515152
1.5,79,20340518,24,276,42,0.152173913043478
1.5,80,20341527,21,210,37,0.176190476190476
1.5,81,20342536,19,171,25,0.146198830409357
1.5,82,20343545,22,231,38,0.164502164502165
1.5,83,20344554,21,210,30,0.142857142857143
1.5,84,20345563,22,231,40,0.173160173160173
1.5,85,20346572,24,276,48,0.173913043478261
1.5,86,20347581,24,276,41,0.148550724637681
1.5,87,20348590,23,253,36,0.142292490118577
1.5,88,20349599,20,190,32,0.168421052631579
1.5,89,20350608,22,231,35,0.151515151515152
1.5,90,20351617,23,253,44,0.173913043478261
1.5,91,20352626,22,231,41,0.177489177489178
1.5,92,20353635,25,300,38,0.126666666666667
1.5,93,20354644,23,253,51,0.201581027667984
1.5,94,20355653,22,231,30,0.12987012987013
1.5,95,20356662,23,253,38,0.150197628458498
1.5,96,20357671,24,276,41,0.148550724637681
1.5,97,20358680,22,231,28,0.121212121212121
1.5,98,20359689,23,253,35,0.138339920948617
1.5,99,20360698,24,276,42,0.152173913043478
1.5,100,20361707,22,231,38,0.164502164502165
1.5,101,20362716,23,253,37,0.146245059288538
1.5,102,20363725,20,190,27,0.142105263157895
1.5,103,20364734,24,276,34,0.123188405797101
1.5,104,20365743,23,253,39,0.154150197628458
1.5,105,20366752,23,253,39,0.154150197628458
1.5,106,20367761,23,253,34,0.134387351778656
1.5,107,20368770,23,253,43,0.1699604743083
1.5,108,20369779,23,253,43,0.1699604743083
1.5,109,20370788,24,276,44,0.159420289855072
1.5,110,20371797,22,231,34,0.147186147186147
1.5,111,20372806,23,253,41,0.162055335968379
1.5,112,20373815,23,253,40,0.158102766798419
1.5,113,20374824,23,253,41,0.162055335968379
1.5,114,20375833,21,210,33,0.157142857142857
1.5,115,20376842,21,210,32,0.152380952380952
1.5,116,20377851,23,253,31,0.122529644268775
1.5,117,20378860,23,253,37,0.146245059288538
1.5,118,20379869,24,276,46,0.166666666666667
1.5,119,20380878,23,253,45,0.177865612648221
1.5,120,20381887,23,253,42,0.16600790513834
1.5,121,20382896,24,276,50,0.181159420289855
1.5,122,20383905,25,300,48,0.16
1.5,123,20384914,21,210,35,0.166666666666667
1.5,124,20385923,25,300,46,0.153333333333333
1.5,125,20386932,24,276,50,0.181159420289855
1.5,126,20387941,23,253,42,0.16600790513834
1.5,127,20388950,23,253,39,0.154150197628458
1.5,128,20389959,27,351,57,0.162393162393162
1.5,129,20390968,21,210,33,0.157142857142857
1.5,130,20391977,23,253,41,0.162055335968379
1.5,131,20392986,21,210,33,0.157142857142857
1.5,132,20393995,24,276,44,0.159420289855072
1.5,133,20395004,23,253,35,0.138339920948617
1.5,134,20396013,25,300,50,0.166666666666667
1.5,135,20397022,23,253,35,0.138339920948617
1.5,136,20398031,20,190,30,0.157894736842105
1.5,137,20399040,20,190,29,0.152631578947368
1.5,138,20400049,23,253,38,0.150197628458498
1.5,139,20401058,20,190,30,0.157894736842105
1.5,140,20402067,22,231,40,0.173160173160173
1.5,141,20403076,22,231,34,0.147186147186147
1.5,142,20404085,22,231,31,0.134199134199134
1.5,143,20405094,23,253,35,0.138339920948617
1.5,144,20406103,23,253,49,0.193675889328063
1.5,145,20407112,23,253,40,0.158102766798419
1.5,146,20408121,24,276,43,0.155797101449275
1.5,147,20409130,22,231,37,0.16017316017316
1.5,148,20410139,24,276,48,0.173913043478261
1.5,149,20411148,24,276,39,0.141304347826087
1.5,150,20412157,27,351,46,0.131054131054131
1.5,151,20413166,23,253,38,0.150197628458498
1.5,152,20414175,23,253,36,0.142292490118577
1.5,153,20415184,26,325,52,0.16
1.5,154,20416193,24,276,43,0.155797101449275
1.5,155,20417202,22,231,36,0.155844155844156
1.5,156,20418211,27,351,46,0.131054131054131
1.5,157,20419220,24,276,36,0.130434782608696
1.5,158,20420229,23,253,40,0.158102766798419
1.5,159,20421238,23,253,36,0.142292490118577
1.5,160,20422247,24,276,56,0.202898550724638
1.5,161,20423256,23,253,40,0.158102766798419
1.5,162,20424265,24,276,38,0.13768115942029
1.5,163,20425274,21,210,26,0.123809523809524
1.5,164,20426283,24,276,42,0.152173913043478
1.5,165,20427292,22,231,42,0.181818181818182
1.5,166,20428301,24,276,44,0.159420289855072
1.5,167,20429310,24,276,48,0.173913043478261
1.5,168,20430319,27,351,52,0.148148148148148
1.5,169,20431328,22,231,36,0.155844155844156
1.5,170,20432337,21,210,33,0.157142857142857
1.5,171,20433346,24,276,40,0.144927536231884
1.5,172,20434355,24,276,42,0.152173913043478
1.5,173,20435364,22,231,40,0.173160173160173
1.5,174,20436373,23,253,41,0.162055335968379
1.5,175,20437382,25,300,45,0.15
1.5,176,20438391,23,253,46,0.181818181818182
1.5,177,20439400,23,253,39,0.154150197628458
1.5,178,20440409,23,253,43,0.1699604743083
1.5,179,20441418,22,231,36,0.155844155844156
1.5,180,20442427,21,210,33,0.157142857142857
1.5,181,20443436,19,171,29,0.169590643274854
1.5,182,20444445,22,231,44,0.19047619047619
1.5,183,20445454,24,276,45,0.16304347826087
1.5,184,20446463,22,231,35,0.151515151515152
1.5,185,20447472,21,210,35,0.166666666666667
1.5,186,20448481,22,231,37,0.16017316017316
1.5,187,20449490,23,253,29,0.114624505928854
1.5,188,20450499,23,253,37,0.146245059288538
1.5,189,20451508,21,210,39,0.185714285714286
1.5,190,20452517,23,253,45,0.177865612648221
1.5,191,20453526,22,231,39,0.168831168831169
1.5,192,20454535,22,231,35,0.151515151515152
1.5,193,20455544,22,231,36,0.155844155844156
1.5,194,20456553,22,231,37,0.16017316017316
1.5,195,20457562,24,276,46,0.166666666666667
1.5,196,20458571,22,231,34,0.147186147186147
1.5,197,20459580,22,231,35,0.151515151515152
1.5,198,20460589,22,231,43,0.186147186147186
1.5,199,20461598,23,253,43,0.1699604743083
1.5,200,20462607,23,253,34,0.134387351778656
1.5,201,20463616,23,253,34,0.134387351778656
1.5,202,20464625,21,210,40,0.19047619047619
1.5,203,20465634,24,276,38,0.13768115942029
1.5,204,20466643,23,253,44,0.173913043478261
1.5,205,20467652,23,253,40,0.158102766798419
1.5,206,20468661,22,231,30,0.12987012987013
1.5,207,20469670,23,253,42,0.16600790513834
1.5,208,20470679,19,171,25,0.146198830409357
1.5,209,20471688,22,231,29,0.125541125541126
1.5,210,20472697,23,253,45,0.177865612648221
1.5,211,20473706,21,210,38,0.180952380952381
1.5,212,20474715,24,276,42,0.152173913043478
1.5,213,20475724,24,276,44,0.159420289855072
1.5,214,20476733,21,210,36,0.171428571428571
1.5,215,20477742,23,253,42,0.16600790513834
1.5,216,20478751,24,276,38,0.13768115942029
1.5,217,20479760,23,253,39,0.154150197628458
1.5,218,20480769,20,190,37,0.194736842105263
1.5,219,20481778,22,231,41,0.177489177489178
1.5,220,20482787,23,253,41,0.162055335968379
1.5,221,20483796,24,276,43,0.155797101449275
1.5,222,20484805,24,276,47,0.170289855072464
1.5,223,20485814,23,253,41,0.162055335968379
1.5,224,20486823,23,253,38,0.150197628458498
1.5,225,20487832,23,253,39,0.154150197628458
1.5,226,20488841,21,210,32,0.152380952380952
1.5,227,20489850,24,276,43,0.155797101449275
1.5,228,20490859,21,210,34,0.161904761904762
1.5,229,20491868,25,300,46,0.153333333333333
1.5,230,20492877,24,276,46,0.166666666666667
1.5,231,20493886,24,276,34,0.123188405797101
1.5,232,20494895,22,231,37,0.16017316017316
1.5,233,20495904,23,253,46,0.181818181818182
1.5,234,20496913,23,253,36,0.142292490118577
1.5,235,20497922,24,276,42,0.152173913043478
1.5,236,20498931,22,231,34,0.147186147186147
1.5,237,20499940,23,253,43,0.1699604743083
1.5,238,20500949,21,210,31,0.147619047619048
1.5,239,20501958,22,231,34,0.147186147186147
1.5,240,20502967,21,210,32,0.152380952380952
1.5,241,20503976,23,253,40,0.158102766798419
1.5,242,20504985,21,210,32,0.152380952380952
1.5,243,20505994,20,190,47,0.247368421052632
1.5,244,20507003,24,276,42,0.152173913043478
1.5,245,20508012,24,276,36,0.130434782608696
1.5,246,20509021,23,253,41,0.162055335968379
1.5,247,20510030,20,190,26,0.136842105263158
1.5,248,20511039,22,231,41,0.177489177489178
1.5,249,20512048,23,253,40,0.158102766798419
1.5,250,20513057,24,276,47,0.170289855072464
1.5,251,20514066,21,210,32,0.152380952380952
1.5,252,20515075,23,253,45,0.177865612648221
1.5,253,20516084,23,253,44,0.173913043478261
1.5,254,20517093,23,253,37,0.146245059288538
1.5,255,20518102,24,276,50,0.181159420289855
1.5,256,20519111,22,231,36,0.155844155844156
1.5,257,20520120,24,276,38,0.13768115942029
1.5,258,20521129,22,231,39,0.168831168831169
1.5,259,20522138,20,190,31,0.163157894736842
1.5,260,20523147,21,210,35,0.166666666666667
1.5,261,20524156,26,325,47,0.144615384615385
1.5,262,20525165,23,253,36,0.142292490118577
1.5,263,20526174,23,253,41,0.162055335968379
1.5,264,20527183,23,253,39,0.154150197628458
1.5,265,20528192,23,253,40,0.158102766798419
1.5,266,20529201,22,231,41,0.177489177489178
1.5,267,20530210,24,276,47,0.170289855072464
1.5,268,20531219,25,300,40,0.133333333333333
1.5,269,20532228,21,210,30,0.142857142857143
1.5,270,20533237,24,276,40,0.144927536231884
1.5,271,20534246,23,253,37,0.146245059288538
1.5,272,20535255,23,253,46,0.181818181818182
1.5,273,20536264,25,300,47,0.156666666666667
1.5,274,20537273,24,276,46,0.166666666666667
1.5,275,20538282,22,231,42,0.181818181818182
1.5,276,20539291,23,253,38,0.150197628458498
1.5,277,20540300,23,253,34,0.134387351778656
1.5,278,20541309,22,231,35,0.151515151515152
1.5,279,20542318,23,253,38,0.150197628458498
1.5,280,20543327,24,276,39,0.141304347826087
1.5,281,20544336,23,253,41,0.162055335968379
1.5,282,20545345,23,253,41,0.162055335968379
1.5,283,20546354,22,231,41,0.177489177489178
1.5,284,20547363,22,231,39,0.168831168831169
1.5,285,20548372,22,231,33,0.142857142857143
1.5,286,20549381,23,253,37,0.146245059288538
1.5,287,20550390,22,231,40,0.173160173160173
1.5,288,20551399,24,276,43,0.155797101449275
1.5,289,20552408,23,253,41,0.162055335968379
1.5,290,20553417,21,210,28,0.133333333333333
1.5,291,20554426,23,253,42,0.16600790513834
1.5,292,20555435,19,171,34,0.198830409356725
1.5,293,20556444,25,300,52,0.173333333333333
1.5,294,20557453,27,351,58,0.165242165242165
1.5,295,20558462,24,276,49,0.177536231884058
1.5,296,20559471,20,190,29,0.152631578947368
1.5,297,20560480,24,276,47,0.170289855072464
1.5,298,20561489,22,231,39,0.168831168831169
1.5,299,20562498,24,276,37,0.134057971014493
1.5,300,20563507,24,276,46,0.166666666666667
1.5,301,20564516,21,210,30,0.142857142857143
1.5,302,20565525,22,231,32,0.138528138528139
1.5,303,20566534,26,325,51,0.156923076923077
1.5,304,20567543,23,253,39,0.154150197628458
1.5,305,20568552,22,231,41,0.177489177489178
1.5,306,20569561,23,253,43,0.1699604743083
1.5,307,20570570,24,276,41,0.148550724637681
1.5,308,20571579,22,231,38,0.164502164502165
1.5,309,20572588,22,231,33,0.142857142857143
1.5,310,20573597,20,190,34,0.178947368421053
1.5,311,20574606,21,210,33,0.157142857142857
1.5,312,20575615,25,300,45,0.15
1.5,313,20576624,22,231,31,0.134199134199134
1.5,314,20577633,20,190,30,0.157894736842105
1.5,315,20578642,22,231,35,0.151515151515152
1.5,316,20579651,22,231,40,0.173160173160173
1.5,317,20580660,23,253,41,0.162055335968379
1.5,318,20581669,21,210,37,0.176190476190476
1.5,319,20582678,23,253,39,0.154150197628458
1.5,320,20583687,23,253,45,0.177865612648221
1.5,321,20584696,23,253,40,0.158102766798419
1.5,322,20585705,22,231,36,0.155844155844156
1.5,323,20586714,21,210,33,0.157142857142857
1.5,324,20587723,24,276,46,0.166666666666667
1.5,325,20588732,21,210,33,0.157142857142857
1.5,326,20589741,22,231,39,0.168831168831169
1.5,327,20590750,23,253,41,0.162055335968379
1.5,328,20591759,22,231,26,0.112554112554113
1.5,329,20592768,25,300,47,0.156666666666667
1.5,330,20593777,20,190,33,0.173684210526316
1.5,331,20594786,21,210,28,0.133333333333333
1.5,332,20595795,24,276,42,0.152173913043478
1.5,333,20596804,25,300,48,0.16
1.5,334,20597813,25,300,44,0.146666666666667
1.5,335,20598822,23,253,42,0.16600790513834
1.5,336,20599831,25,300,47,0.156666666666667
1.5,337,20600840,24,276,38,0.13768115942029
1.5,338,20601849,20,190,30,0.157894736842105
1.5,339,20602858,21,210,34,0.161904761904762
1.5,340,20603867,24,276,43,0.155797101449275
1.5,341,20604876,20,190,28,0.147368421052632
1.5,342,20605885,22,231,36,0.155844155844156
1.5,343,20606894,20,190,31,0.163157894736842
1.5,344,20607903,21,210,31,0.147619047619048
1.5,345,20608912,22,231,34,0.147186147186147
1.5,346,20609921,23,253,41,0.162055335968379
1.5,347,20610930,22,231,30,0.12987012987013
1.5,348,20611939,23,253,44,0.173913043478261
1.5,349,20612948,23,253,41,0.162055335968379
1.5,350,20613957,24,276,47,0.170289855072464
1.5,351,20614966,25,300,45,0.15
1.5,352,20615975,24,276,45,0.16304347826087
1.5,353,20616984,22,231,39,0.168831168831169
1.5,354,20617993,19,171,20,0.116959064327485
1.5,355,20619002,28,378,56,0.148148148148148
1.5,356,20620011,21,210,34,0.161904761904762
1.5,357,20621020,23,253,44,0.173913043478261
1.5,358,20622029,24,276,43,0.155797101449275
1.5,359,20623038,22,231,36,0.155844155844156
1.5,360,20624047,26,325,49,0.150769230769231
1.5,361,20625056,23,253,45,0.177865612648221
1.5,362,20626065,25,300,52,0.173333333333333
1.5,363,20627074,23,253,48,0.189723320158103
1.5,364,20628083,20,190,29,0.152631578947368
1.5,365,20629092,23,253,47,0.185770750988142
1.5,366,20630101,23,253,38,0.150197628458498
1.5,367,20631110,24,276,39,0.141304347826087
1.5,368,20632119,19,171,27,0.157894736842105
1.5,369,20633128,23,253,49,0.193675889328063
1.5,370,20634137,23,253,45,0.177865612648221
1.5,371,20635146,25,300,50,0.166666666666667
1.5,372,20636155,24,276,42,0.152173913043478
1.5,373,20637164,21,210,31,0.147619047619048
1.5,374,20638173,21,210,35,0.166666666666667
1.5,375,20639182,21,210,31,0.147619047619048
1.5,376,20640191,24,276,50,0.181159420289855
1.5,377,20641200,21,210,32,0.152380952380952
1.5,378,20642209,25,300,46,0.153333333333333
1.5,379,20643218,22,231,46,0.199134199134199
1.5,380,20644227,20,190,34,0.178947368421053
1.5,381,20645236,22,231,34,0.147186147186147
1.5,382,20646245,19,171,28,0.16374269005848
1.5,383,20647254,23,253,43,0.1699604743083
1.5,384,20648263,23,253,41,0.162055335968379
1.5,385,20649272,21,210,31,0.147619047619048
1.5,386,20650281,22,231,30,0.12987012987013
1.5,387,20651290,23,253,43,0.1699604743083
1.5,388,20652299,21,210,24,0.114285714285714
1.5,389,20653308,24,276,37,0.134057971014493
1.5,390,20654317,22,231,37,0.16017316017316
1.5,391,20655326,22,231,36,0.155844155844156
1.5,392,20656335,22,231,33,0.142857142857143
1.5,393,20657344,24,276,41,0.148550724637681
1.5,394,20658353,23,253,44,0.173913043478261
1.5,395,20659362,22,231,44,0.19047619047619
1.5,396,20660371,23,253,43,0.1699604743083
1.5,397,20661380,24,276,48,0.173913043478261
1.5,398,20662389,22,231,44,0.19047619047619
1.5,399,20663398,24,276,46,0.166666666666667
1.5,400,20664407,18,153,21,0.137254901960784
1.5,401,20665416,22,231,40,0.173160173160173
1.5,402,20666425,24,276,42,0.152173913043478
1.5,403,20667434,21,210,35,0.166666666666667
1.5,404,20668443,23,253,42,0.16600790513834
1.5,405,20669452,22,231,42,0.181818181818182
1.5,406,20670461,24,276,38,0.13768115942029
1.5,407,20671470,25,300,47,0.156666666666667
1.5,408,20672479,21,210,33,0.157142857142857
1.5,409,20673488,24,276,52,0.188405797101449
1.5,410,20674497,21,210,30,0.142857142857143
1.5,411,20675506,21,210,30,0.142857142857143
1.5,412,20676515,22,231,37,0.16017316017316
1.5,413,20677524,21,210,29,0.138095238095238
1.5,414,20678533,23,253,34,0.134387351778656
1.5,415,20679542,23,253,36,0.142292490118577
1.5,416,20680551,24,276,41,0.148550724637681
1.5,417,20681560,24,276,41,0.148550724637681
1.5,418,20682569,22,231,41,0.177489177489178
1.5,419,20683578,24,276,39,0.141304347826087
1.5,420,20684587,23,253,41,0.162055335968379
1.5,421,20685596,21,210,35,0.166666666666667
1.5,422,20686605,21,210,34,0.161904761904762
1.5,423,20687614,21,210,40,0.19047619047619
1.5,424,20688623,23,253,49,0.193675889328063
1.5,425,20689632,22,231,31,0.134199134199134
1.5,426,20690641,24,276,41,0.148550724637681
1.5,427,20691650,23,253,40,0.158102766798419
1.5,428,20692659,25,300,41,0.136666666666667
1.5,429,20693668,22,231,41,0.177489177489178
1.5,430,20694677,22,231,36,0.155844155844156
1.5,431,20695686,26,325,55,0.169230769230769
1.5,432,20696695,22,231,32,0.138528138528139
1.5,433,20697704,25,300,45,0.15
1.5,434,20698713,22,231,39,0.168831168831169
1.5,435,20699722,22,231,40,0.173160173160173
1.5,436,20700731,22,231,29,0.125541125541126
1.5,437,20701740,23,253,37,0.146245059288538
1.5,438,20702749,25,300,44,0.146666666666667
1.5,439,20703758,21,210,35,0.166666666666667
1.5,440,20704767,23,253,39,0.154150197628458
1.5,441,20705776,24,276,46,0.166666666666667
1.5,442,20706785,21,210,35,0.166666666666667
1.5,443,20707794,25,300,54,0.18
1.5,444,20708803,21,210,29,0.138095238095238
1.5,445,20709812,24,276,47,0.170289855072464
1.5,446,20710821,24,276,42,0.152173913043478
1.5,447,20711830,22,231,42,0.181818181818182
1.5,448,20712839,23,253,35,0.138339920948617
1.5,449,20713848,21,210,32,0.152380952380952
1.5,450,20714857,24,276,46,0.166666666666667
1.5,451,20715866,24,276,43,0.155797101449275
1.5,452,20716875,26,325,60,0.184615384615385
1.5,453,20717884,26,325,57,0.175384615384615
1.5,454,20718893,21,210,34,0.161904761904762
1.5,455,20719902,20,190,28,0.147368421052632
1.5,456,20720911,22,231,29,0.125541125541126
1.5,457,20721920,22,231,37,0.16017316017316
1.5,458,20722929,23,253,42,0.16600790513834
1.5,459,20723938,25,300,48,0.16
1.5,460,20724947,22,231,30,0.12987012987013
1.5,461,20725956,22,231,37,0.16017316017316
1.5,462,20726965,22,231,28,0.121212121212121
1.5,463,20727974,21,210,34,0.161904761904762
1.5,464,20728983,22,231,39,0.168831168831169
1.5,465,20729992,20,190,32,0.168421052631579
1.5,466,20731001,24,276,42,0.152173913043478
1.5,467,20732010,22,231,42,0.181818181818182
1.5,468,20733019,20,190,30,0.157894736842105
1.5,469,20734028,21,210,34,0.161904761904762
1.5,470,20735037,24,276,50,0.181159420289855
1.5,471,20736046,24,276,44,0.159420289855072
1.5,472,20737055,25,300,51,0.17
1.5,473,20738064,23,253,41,0.162055335968379
1.5,474,20739073,21,210,38,0.180952380952381
1.5,475,20740082,22,231,34,0.147186147186147
1.5,476,20741091,24,276,49,0.177536231884058
1.5,477,20742100,23,253,44,0.173913043478261
1.5,478,20743109,24,276,39,0.141304347826087
1.5,479,20744118,22,231,34,0.147186147186147
1.5,480,20745127,24,276,48,0.173913043478261
1.5,481,20746136,22,231,32,0.138528138528139
1.5,482,20747145,24,276,41,0.148550724637681
1.5,483,20748154,25,300,51,0.17
1.5,484,20749163,22,231,38,0.164502164502165
1.5,485,20750172,21,210,31,0.147619047619048
1.5,486,20751181,22,231,41,0.177489177489178
1.5,487,20752190,26,325,44,0.135384615384615
1.5,488,20753199,25,300,36,0.12
1.5,489,20754208,22,231,43,0.186147186147186
1.5,490,20755217,25,300,53,0.176666666666667
1.5,491,20756226,26,325,54,0.166153846153846
1.5,492,20757235,23,253,39,0.154150197628458
1.5,493,20758244,23,253,36,0.142292490118577
1.5,494,20759253,20,190,30,0.157894736842105
1.5,495,20760262,23,253,32,0.126482213438735
1.5,496,20761271,24,276,39,0.141304347826087
1.5,497,20762280,21,210,35,0.166666666666667
1.5,498,20763289,21,210,36,0.171428571428571
1.5,499,20764298,23,253,34,0.134387351778656
1.5,500,20765307,21,210,31,0.147619047619048
1.5,501,20766316,19,171,27,0.157894736842105
1.5,502,20767325,21,210,30,0.142857142857143
1.5,503,20768334,25,300,43,0.143333333333333
1.5,504,20769343,24,276,48,0.173913043478261
1.5,505,20770352,23,253,44,0.173913043478261
1.5,506,20771361,24,276,42,0.152173913043478
1.5,507,20772370,23,253,42,0.16600790513834
1.5,508,20773379,22,231,41,0.177489177489178
1.5,509,20774388,23,253,37,0.146245059288538
1.5,510,20775397,21,210,38,0.180952380952381
1.5,511,20776406,23,253,40,0.158102766798419
1.5,512,20777415,25,300,47,0.156666666666667
1.5,513,20778424,24,276,40,0.144927536231884
1.5,514,20779433,26,325,52,0.16
1.5,515,20780442,23,253,38,0.150197628458498
1.5,516,20781451,21,210,28,0.133333333333333
1.5,517,20782460,24,276,48,0.173913043478261
1.5,518,20783469,21,210,37,0.176190476190476
1.5,519,20784478,20,190,30,0.157894736842105
1.5,520,20785487,22,231,29,0.125541125541126
1.5,521,20786496,21,210,37,0.176190476190476
1.5,522,20787505,22,231,39,0.168831168831169
1.5,523,20788514,21,210,29,0.138095238095238
1.5,524,20789523,23,253,42,0.16600790513834
1.5,525,20790532,27,351,64,0.182336182336182
1.5,526,20791541,21,210,34,0.161904761904762
1.5,527,20792550,23,253,39,0.154150197628458
1.5,528,20793559,24,276,40,0.144927536231884
1.5,529,20794568,23,253,39,0.154150197628458
1.5,530,20795577,23,253,29,0.114624505928854
1.5,531,20796586,24,276,41,0.148550724637681
1.5,532,20797595,26,325,54,0.166153846153846
1.5,533,20798604,26,325,52,0.16
1.5,534,20799613,21,210,43,0.204761904761905
1.5,535,20800622,23,253,37,0.146245059288538
1.5,536,20801631,21,210,37,0.176190476190476
1.5,537,20802640,21,210,35,0.166666666666667
1.5,538,20803649,20,190,35,0.184210526315789
1.5,539,20804658,22,231,34,0.147186147186147
1.5,540,20805667,22,231,30,0.12987012987013
1.5,541,20806676,21,210,34,0.161904761904762
1.5,542,20807685,21,210,33,0.157142857142857
1.5,543,20808694,22,231,30,0.12987012987013
1.5,544,20809703,21,210,31,0.147619047619048
1.5,545,20810712,24,276,46,0.166666666666667
1.5,546,20811721,19,171,30,0.175438596491228
1.5,547,20812730,22,231,33,0.142857142857143
1.5,548,20813739,23,253,29,0.114624505928854
1.5,549,20814748,23,253,44,0.173913043478261
1.5,550,20815757,23,253,39,0.154150197628458
1.5,551,20816766,24,276,44,0.159420289855072
1.5,552,20817775,20,190,27,0.142105263157895
1.5,553,20818784,24,276,43,0.155797101449275
1.5,554,20819793,22,231,39,0.168831168831169
1.5,555,20820802,20,190,34,0.178947368421053
1.5,556,20821811,21,210,26,0.123809523809524
1.5,557,20822820,24,276,44,0.159420289855072
1.5,558,20823829,21,210,32,0.152380952380952
1.5,559,20824838,22,231,38,0.164502164502165
1.5,560,20825847,23,253,49,0.193675889328063
1.5,561,20826856,23,253,42,0.16600790513834
1.5,562,20827865,26,325,50,0.153846153846154
1.5,563,20828874,24,276,42,0.152173913043478
1.5,564,20829883,21,210,32,0.152380952380952
1.5,565,20830892,22,231,34,0.147186147186147
1.5,566,20831901,23,253,40,0.158102766798419
1.5,567,20832910,21,210,42,0.2
1.5,568,20833919,26,325,49,0.150769230769231
1.5,569,20834928,23,253,35,0.138339920948617
1.5,570,20835937,21,210,32,0.152380952380952
1.5,571,20836946,23,253,42,0.16600790513834
1.5,572,20837955,22,231,41,0.177489177489178
1.5,573,20838964,20,190,29,0.152631578947368
1.5,574,20839973,23,253,39,0.154150197628458
1.5,575,20840982,24,276,47,0.170289855072464
1.5,576,20841991,24,276,47,0.170289855072464
1.5,577,20843000,23,253,35,0.138339920948617
1.5,578,20844009,22,231,41,0.177489177489178
1.5,579,20845018,24,276,42,0.152173913043478
1.5,580,20846027,23,253,42,0.16600790513834
1.5,581,20847036,24,276,46,0.166666666666667
1.5,582,20848045,22,231,38,0.164502164502165
1.5,583,20849054,22,231,34,0.147186147186147
1.5,584,20850063,22,231,37,0.16017316017316
1.5,585,20851072,24,276,41,0.148550724637681
1.5,586,20852081,21,210,36,0.171428571428571
1.5,587,20853090,20,190,34,0.178947368421053
1.5,588,20854099,22,231,37,0.16017316017316
1.5,589,20855108,23,253,44,0.173913043478261
1.5,590,20856117,23,253,37,0.146245059288538
1.5,591,20857126,22,231,38,0.164502164502165
1.5,592,20858135,24,276,38,0.13768115942029
1.5,593,20859144,21,210,32,0.152380952380952
1.5,594,20860153,22,231,43,0.186147186147186
1.5,595,20861162,25,300,49,0.163333333333333
1.5,596,20862171,21,210,38,0.180952380952381
1.5,597,20863180,24,276,51,0.184782608695652
1.5,598,20864189,22,231,44,0.19047619047619
1.5,599,20865198,24,276,44,0.159420289855072
1.5,600,20866207,22,231,33,0.142857142857143
1.5,601,20867216,24,276,36,0.130434782608696
1.5,602,20868225,20,190,39,0.205263157894737
1.5,603,20869234,22,231,36,0.155844155844156
1.5,604,20870243,22,231,43,0.186147186147186
1.5,605,20871252,22,231,35,0.151515151515152
1.5,606,20872261,23,253,38,0.150197628458498
1.5,607,20873270,21,210,33,0.157142857142857
1.5,608,20874279,27,351,51,0.145299145299145
1.5,609,20875288,22,231,43,0.186147186147186
1.5,610,20876297,23,253,43,0.1699604743083
1.5,611,20877306,23,253,44,0.173913043478261
1.5,612,20878315,23,253,42,0.16600790513834
1.5,613,20879324,22,231,33,0.142857142857143
1.5,614,20880333,22,231,39,0.168831168831169
1.5,615,20881342,22,231,42,0.181818181818182
1.5,616,20882351,23,253,40,0.158102766798419
1.5,617,20883360,22,231,38,0.164502164502165
1.5,618,20884369,21,210,35,0.166666666666667
1.5,619,20885378,24,276,44,0.159420289855072
1.5,620,20886387,21,210,35,0.166666666666667
1.5,621,20887396,22,231,35,0.151515151515152
1.5,622,20888405,20,190,30,0.157894736842105
1.5,623,20889414,23,253,44,0.173913043478261
1.5,624,20890423,22,231,40,0.173160173160173
1.5,625,20891432,22,231,37,0.16017316017316
1.5,626,20892441,21,210,28,0.133333333333333
1.5,627,20893450,23,253,37,0.146245059288538
1.5,628,20894459,24,276,40,0.144927536231884
1.5,629,20895468,23,253,46,0.181818181818182
1.5,630,20896477,20,190,31,0.163157894736842
1.5,631,20897486,21,210,30,0.142857142857143
1.5,632,20898495,21,210,33,0.157142857142857
1.5,633,20899504,22,231,40,0.173160173160173
1.5,634,20900513,23,253,40,0.158102766798419
1.5,635,20901522,20,190,29,0.152631578947368
1.5,636,20902531,21,210,29,0.138095238095238
1.5,637,20903540,24,276,48,0.173913043478261
1.5,638,20904549,22,231,40,0.173160173160173
1.5,639,20905558,20,190,27,0.142105263157895
1.5,640,20906567,23,253,32,0.126482213438735
1.5,641,20907576,22,231,33,0.142857142857143
1.5,642,20908585,22,231,45,0.194805194805195
1.5,643,20909594,23,253,38,0.150197628458498
1.5,644,20910603,24,276,44,0.159420289855072
1.5,645,20911612,20,190,31,0.163157894736842
1.5,646,20912621,23,253,42,0.16600790513834
1.5,647,20913630,23,253,42,0.16600790513834
1.5,648,20914639,25,300,41,0.136666666666667
1.5,649,20915648,20,190,31,0.163157894736842
1.5,650,20916657,20,190,28,0.147368421052632
1.5,651,20917666,24,276,38,0.13768115942029
1.5,652,20918675,21,210,26,0.123809523809524
1.5,653,20919684,21,210,36,0.171428571428571
1.5,654,20920693,25,300,44,0.146666666666667
1.5,655,20921702,24,276,42,0.152173913043478
1.5,656,20922711,25,300,43,0.143333333333333
1.5,657,20923720,22,231,35,0.151515151515152
1.5,658,20924729,23,253,33,0.130434782608696
1.5,659,20925738,23,253,40,0.158102766798419
1.5,660,20926747,23,253,39,0.154150197628458
1.5,661,20927756,24,276,53,0.192028985507246
1.5,662,20928765,22,231,40,0.173160173160173
1.5,663,20929774,26,325,50,0.153846153846154
1.5,664,20930783,21,210,38,0.180952380952381
1.5,665,20931792,19,171,29,0.169590643274854
1.5,666,20932801,21,210,33,0.157142857142857
1.5,667,20933810,19,171,26,0.152046783625731
1.5,668,20934819,21,210,36,0.171428571428571
1.5,669,20935828,23,253,35,0.138339920948617
1.5,670,20936837,22,231,38,0.164502164502165
1.5,671,20937846,20,190,28,0.147368421052632
1.5,672,20938855,23,253,55,0.217391304347826
1.5,673,20939864,24,276,46,0.166666666666667
1.5,674,20940873,26,325,57,0.175384615384615
1.5,675,20941882,24,276,43,0.155797101449275
1.5,676,20942891,21,210,33,0.157142857142857
1.5,677,20943900,22,231,39,0.168831168831169
1.5,678,20944909,22,231,33,0.142857142857143
1.5,679,20945918,23,253,44,0.173913043478261
1.5,680,20946927,25,300,39,0.13
1.5,681,20947936,23,253,40,0.158102766798419
1.5,682,20948945,23,253,40,0.158102766798419
1.5,683,20949954,23,253,43,0.1699604743083
1.5,684,20950963,24,276,44,0.159420289855072
1.5,685,20951972,24,276,39,0.141304347826087
1.5,686,20952981,21,210,37,0.176190476190476
1.5,687,20953990,22,231,33,0.142857142857143
1.5,688,20954999,21,210,31,0.147619047619048
1.5,689,20956008,24,276,39,0.141304347826087
1.5,690,20957017,20,190,32,0.168421052631579
1.5,691,20958026,19,171,28,0.16374269005848
1.5,692,20959035,22,231,37,0.16017316017316
1.5,693,20960044,24,276,46,0.166666666666667
1.5,694,20961053,22,231,44,0.19047619047619
1.5,695,20962062,22,231,35,0.151515151515152
1.5,696,20963071,23,253,40,0.158102766798419
1.5,697,20964080,22,231,35,0.151515151515152
1.5,698,20965089,22,231,32,0.138528138528139
1.5,699,20966098,21,210,38,0.180952380952381
1.5,700,20967107,24,276,42,0.152173913043478
1.5,701,20968116,21,210,31,0.147619047619048
1.5,702,20969125,21,210,34,0.161904761904762
1.5,703,20970134,21,210,26,0.123809523809524
1.5,704,20971143,23,253,37,0.146245059288538
1.5,705,20972152,23,253,42,0.16600790513834
1.5,706,20973161,24,276,51,0.184782608695652
1.5,707,20974170,23,253,40,0.158102766798419
1.5,708,20975179,24,276,41,0.148550724637681
1.5,709,20976188,21,210,31,0.147619047619048
1.5,710,20977197,21,210,37,0.176190476190476
1.5,711,20978206,22,231,33,0.142857142857143
1.5,712,20979215,21,210,35,0.166666666666667
1.5,713,20980224,25,300,41,0.136666666666667
1.5,714,20981233,23,253,43,0.1699604743083
1.5,715,20982242,23,253,51,0.201581027667984
1.5,716,20983251,22,231,42,0.181818181818182
1.5,717,20984260,21,210,29,0.138095238095238
1.5,718,20985269,22,231,34,0.147186147186147
1.5,719,20986278,20,190,35,0.184210526315789
1.5,720,20987287,24,276,47,0.170289855072464
1.5,721,20988296,23,253,48,0.189723320158103
1.5,722,20989305,22,231,35,0.151515151515152
1.5,723,20990314,22,231,40,0.173160173160173
1.5,724,20991323,25,300,51,0.17
1.5,725,20992332,21,210,28,0.133333333333333
1.5,726,20993341,24,276,36,0.130434782608696
1.5,727,20994350,24,276,47,0.170289855072464
1.5,728,20995359,24,276,52,0.188405797101449
1.5,729,20996368,22,231,44,0.19047619047619
1.5,730,20997377,26,325,50,0.153846153846154
1.5,731,20998386,24,276,38,0.13768115942029
1.5,732,20999395,24,276,44,0.159420289855072
1.5,733,21000404,23,253,38,0.150197628458498
1.5,734,21001413,22,231,34,0.147186147186147
1.5,735,21002422,21,210,33,0.157142857142857
1.5,736,21003431,27,351,51,0.145299145299145
1.5,737,21004440,23,253,46,0.181818181818182
1.5,738,21005449,21,210,41,0.195238095238095
1.5,739,21006458,23,253,41,0.162055335968379
1.5,740,21007467,25,300,50,0.166666666666667
1.5,741,21008476,21,210,34,0.161904761904762
1.5,742,21009485,21,210,33,0.157142857142857
1.5,743,21010494,22,231,38,0.164502164502165
1.5,744,21011503,24,276,47,0.170289855072464
1.5,745,21012512,20,190,28,0.147368421052632
1.5,746,21013521,23,253,40,0.158102766798419
1.5,747,21014530,20,190,31,0.163157894736842
1.5,748,21015539,22,231,42,0.181818181818182
1.5,749,21016548,21,210,35,0.166666666666667
1.5,750,21017557,23,253,45,0.177865612648221
1.5,751,21018566,23,253,37,0.146245059288538
1.5,752,21019575,23,253,34,0.134387351778656
1.5,753,21020584,22,231,36,0.155844155844156
1.5,754,21021593,24,276,46,0.166666666666667
1.5,755,21022602,25,300,52,0.173333333333333
1.5,756,21023611,23,253,39,0.154150197628458
1.5,757,21024620,25,300,45,0.15
1.5,758,21025629,21,210,31,0.147619047619048
1.5,759,21026638,23,253,46,0.181818181818182
1.5,760,21027647,23,253,37,0.146245059288538
1.5,761,21028656,20,190,37,0.194736842105263
1.5,762,21029665,21,210,32,0.152380952380952
1.5,763,21030674,24,276,41,0.148550724637681
1.5,764,21031683,24,276,37,0.134057971014493
1.5,765,21032692,22,231,31,0.134199134199134
1.5,766,21033701,25,300,49,0.163333333333333
1.5,767,21034710,22,231,33,0.142857142857143
1.5,768,21035719,22,231,39,0.168831168831169
1.5,769,21036728,20,190,32,0.168421052631579
1.5,770,21037737,26,325,48,0.147692307692308
1.5,771,21038746,25,300,46,0.153333333333333
1.5,772,21039755,22,231,36,0.155844155844156
1.5,773,21040764,23,253,38,0.150197628458498
1.5,774,21041773,24,276,42,0.152173913043478
1.5,775,21042782,22,231,28,0.121212121212121
1.5,776,21043791,24,276,47,0.170289855072464
1.5,777,21044800,23,253,37,0.146245059288538
1.5,778,21045809,21,210,33,0.157142857142857
1.5,779,21046818,23,253,45,0.177865612648221
1.5,780,21047827,22,231,41,0.177489177489178
1.5,781,21048836,23,253,45,0.177865612648221
1.5,782,21049845,21,210,31,0.147619047619048
1.5,783,21050854,23,253,37,0.146245059288538
1.5,784,21051863,23,253,35,0.138339920948617
1.5,785,21052872,23,253,44,0.173913043478261
1.5,786,21053881,27,351,48,0.136752136752137
1.5,787,21054890,23,253,37,0.146245059288538
1.5,788,21055899,21,210,37,0.176190476190476
1.5,789,21056908,23,253,41,0.162055335968379
1.5,790,21057917,23,253,37,0.146245059288538
1.5,791,21058926,19,171,23,0.134502923976608
1.5,792,21059935,24,276,37,0.134057971014493
1.5,793,21060944,26,325,57,0.175384615384615
1.5,794,21061953,23,253,40,0.158102766798419
1.5,795,21062962,22,231,34,0.147186147186147
1.5,796,21063971,21,210,37,0.176190476190476
1.5,797,21064980,18,153,23,0.150326797385621
1.5,798,21065989,22,231,42,0.181818181818182
1.5,799,21066998,21,210,34,0.161904761904762
1.5,800,21068007,22,231,38,0.164502164502165
1.5,801,21069016,23,253,43,0.1699604743083
1.5,802,21070025,21,210,37,0.176190476190476
1.5,803,21071034,23,253,37,0.146245059288538
1.5,804,21072043,21,210,32,0.152380952380952
1.5,805,21073052,22,231,32,0.138528138528139
1.5,806,21074061,23,253,41,0.162055335968379
1.5,807,21075070,23,253,48,0.189723320158103
1.5,808,21076079,23,253,39,0.154150197628458
1.5,809,21077088,23,253,33,0.130434782608696
1.5,810,21078097,23,253,39,0.154150197628458
1.5,811,21079106,22,231,33,0.142857142857143
1.5,812,21080115,23,253,43,0.1699604743083
1.5,813,21081124,21,210,32,0.152380952380952
1.5,814,21082133,21,210,25,0.119047619047619
1.5,815,21083142,21,210,36,0.171428571428571
1.5,816,21084151,21,210,38,0.180952380952381
1.5,817,21085160,24,276,50,0.181159420289855
1.5,818,21086169,22,231,34,0.147186147186147
1.5,819,21087178,21,210,39,0.185714285714286
1.5,820,21088187,21,210,35,0.166666666666667
1.5,821,21089196,21,210,41,0.195238095238095
1.5,822,21090205,22,231,40,0.173160173160173
1.5,823,21091214,23,253,43,0.1699604743083
1.5,824,21092223,23,253,37,0.146245059288538
1.5,825,21093232,23,253,38,0.150197628458498
1.5,826,21094241,21,210,34,0.161904761904762
1.5,827,21095250,24,276,39,0.141304347826087
1.5,828,21096259,23,253,42,0.16600790513834
1.5,829,21097268,23,253,38,0.150197628458498
1.5,830,21098277,22,231,37,0.16017316017316
1.5,831,21099286,25,300,49,0.163333333333333
1.5,832,21100295,23,253,42,0.16600790513834
1.5,833,21101304,23,253,41,0.162055335968379
1.5,834,21102313,22,231,38,0.164502164502165
1.5,835,21103322,25,300,49,0.163333333333333
1.5,836,21104331,22,231,39,0.168831168831169
1.5,837,21105340,22,231,32,0.138528138528139
1.5,838,21106349,21,210,33,0.157142857142857
1.5,839,21107358,23,253,43,0.1699604743083
1.5,840,21108367,21,210,37,0.176190476190476
1.5,841,21109376,23,253,47,0.185770750988142
1.5,842,21110385,23,253,42,0.16600790513834
1.5,843,21111394,25,300,41,0.136666666666667
1.5,844,21112403,24,276,32,0.115942028985507
1.5,845,21113412,25,300,46,0.153333333333333
1.5,846,21114421,24,276,52,0.188405797101449
1.5,847,21115430,23,253,42,0.16600790513834
1.5,848,21116439,24,276,45,0.16304347826087
1.5,849,21117448,23,253,39,0.154150197628458
1.5,850,21118457,25,300,55,0.183333333333333
1.5,851,21119466,25,300,42,0.14
1.5,852,21120475,22,231,40,0.173160173160173
1.5,853,21121484,21,210,35,0.166666666666667
1.5,854,21122493,22,231,47,0.203463203463203
1.5,855,21123502,24,276,43,0.155797101449275
1.5,856,21124511,22,231,26,0.112554112554113
1.5,857,21125520,21,210,33,0.157142857142857
1.5,858,21126529,20,190,28,0.147368421052632
1.5,859,21127538,24,276,37,0.134057971014493
1.5,860,21128547,22,231,38,0.164502164502165
1.5,861,21129556,20,190,30,0.157894736842105
1.5,862,21130565,23,253,44,0.173913043478261
1.5,863,21131574,21,210,30,0.142857142857143
1.5,864,21132583,23,253,41,0.162055335968379
1.5,865,21133592,23,253,38,0.150197628458498
1.5,866,21134601,21,210,26,0.123809523809524
1.5,867,21135610,23,253,34,0.134387351778656
1.5,868,21136619,21,210,31,0.147619047619048
1.5,869,21137628,22,231,29,0.125541125541126
1.5,870,21138637,22,231,33,0.142857142857143
1.5,871,21139646,23,253,39,0.154150197628458
1.5,872,21140655,21,210,32,0.152380952380952
1.5,873,21141664,22,231,38,0.164502164502165
1.5,874,21142673,24,276,43,0.155797101449275
1.5,875,21143682,25,300,44,0.146666666666667
1.5,876,21144691,25,300,47,0.156666666666667
1.5,877,21145700,26,325,53,0.163076923076923
1.5,878,21146709,22,231,35,0.151515151515152
1.5,879,21147718,26,325,49,0.150769230769231
1.5,880,21148727,23,253,46,0.181818181818182
1.5,881,21149736,23,253,41,0.162055335968379
1.5,882,21150745,23,253,37,0.146245059288538
1.5,883,21151754,22,231,36,0.155844155844156
1.5,884,21152763,24,276,46,0.166666666666667
1.5,885,21153772,24,276,40,0.144927536231884
1.5,886,21154781,24,276,48,0.173913043478261
1.5,887,21155790,24,276,49,0.177536231884058
1.5,888,21156799,22,231,39,0.168831168831169
1.5,889,21157808,21,210,38,0.180952380952381
1.5,890,21158817,24,276,44,0.159420289855072
1.5,891,21159826,25,300,35,0.116666666666667
1.5,892,21160835,21,210,32,0.152380952380952
1.5,893,21161844,21,210,36,0.171428571428571
1.5,894,21162853,21,210,29,0.138095238095238
1.5,895,21163862,20,190,29,0.152631578947368
1.5,896,21164871,24,276,34,0.123188405797101
1.5,897,21165880,22,231,35,0.151515151515152
1.5,898,21166889,23,253,50,0.197628458498024
1.5,899,21167898,24,276,42,0.152173913043478
1.5,900,21168907,24,276,43,0.155797101449275
1.5,901,21169916,23,253,40,0.158102766798419
1.5,902,21170925,24,276,44,0.159420289855072
1.5,903,21171934,25,300,53,0.176666666666667
1.5,904,21172943,24,276,42,0.152173913043478
1.5,905,21173952,22,231,34,0.147186147186147
1.5,906,21174961,22,231,37,0.16017316017316
1.5,907,21175970,24,276,44,0.159420289855072
1.5,908,21176979,21,210,35,0.166666666666667
1.5,909,21177988,25,300,54,0.18
1.5,910,21178997,21,210,35,0.166666666666667
1.5,911,21180006,21,210,34,0.161904761904762
1.5,912,21181015,26,325,57,0.175384615384615
1.5,913,21182024,22,231,39,0.168831168831169
1.5,914,21183033,24,276,43,0.155797101449275
1.5,915,21184042,24,276,32,0.115942028985507
1.5,916,21185051,22,231,39,0.168831168831169
1.5,917,21186060,22,231,35,0.151515151515152
1.5,918,21187069,21,210,31,0.147619047619048
1.5,919,21188078,24,276,45,0.16304347826087
1.5,920,21189087,24,276,47,0.170289855072464
1.5,921,21190096,21,210,29,0.138095238095238
1.5,922,21191105,22,231,28,0.121212121212121
1.5,923,21192114,22,231,34,0.147186147186147
1.5,924,21193123,22,231,43,0.186147186147186
1.5,925,21194132,21,210,39,0.185714285714286
1.5,926,21195141,21,210,36,0.171428571428571
1.5,927,21196150,23,253,44,0.173913043478261
1.5,928,21197159,23,253,35,0.138339920948617
1.5,929,21198168,22,231,35,0.151515151515152
1.5,930,21199177,25,300,51,0.17
1.5,931,21200186,22,231,32,0.138528138528139
1.5,932,21201195,22,231,28,0.121212121212121
1.5,933,21202204,24,276,48,0.173913043478261
1.5,934,21203213,24,276,45,0.16304347826087
1.5,935,21204222,22,231,33,0.142857142857143
1.5,936,21205231,22,231,34,0.147186147186147
1.5,937,21206240,25,300,43,0.143333333333333
1.5,938,21207249,24,276,48,0.173913043478261
1.5,939,21208258,24,276,45,0.16304347826087
1.5,940,21209267,24,276,41,0.148550724637681
1.5,941,21210276,22,231,35,0.151515151515152
1.5,942,21211285,25,300,48,0.16
1.5,943,21212294,23,253,38,0.150197628458498
1.5,944,21213303,23,253,45,0.177865612648221
1.5,945,21214312,22,231,36,0.155844155844156
1.5,946,21215321,24,276,44,0.159420289855072
1.5,947,21216330,23,253,35,0.138339920948617
1.5,948,21217339,22,231,36,0.155844155844156
1.5,949,21218348,24,276,49,0.177536231884058
1.5,950,21219357,25,300,47,0.156666666666667
1.5,951,21220366,25,300,48,0.16
1.5,952,21221375,22,231,33,0.142857142857143
1.5,953,21222384,22,231,36,0.155844155844156
1.5,954,21223393,25,300,50,0.166666666666667
1.5,955,21224402,24,276,46,0.166666666666667
1.5,956,21225411,23,253,41,0.162055335968379
1.5,957,21226420,23,253,37,0.146245059288538
1.5,958,21227429,22,231,39,0.168831168831169
1.5,959,21228438,23,253,33,0.130434782608696
1.5,960,21229447,24,276,37,0.134057971014493
1.5,961,21230456,20,190,34,0.178947368421053
1.5,962,21231465,23,253,44,0.173913043478261
1.5,963,21232474,22,231,36,0.155844155844156
1.5,964,21233483,23,253,41,0.162055335968379
1.5,965,21234492,18,153,19,0.124183006535948
1.5,966,21235501,22,231,39,0.168831168831169
1.5,967,21236510,22,231,37,0.16017316017316
1.5,968,21237519,21,210,30,0.142857142857143
1.5,969,21238528,24,276,46,0.166666666666667
1.5,970,21239537,24,276,42,0.152173913043478
1.5,971,21240546,22,231,35,0.151515151515152
1.5,972,21241555,22,231,35,0.151515151515152
1.5,973,21242564,23,253,46,0.181818181818182
1.5,974,21243573,22,231,37,0.16017316017316
1.5,975,21244582,22,231,38,0.164502164502165
1.5,976,21245591,22,231,39,0.168831168831169
1.5,977,21246600,22,231,39,0.168831168831169
1.5,978,21247609,21,210,28,0.133333333333333
1.5,979,21248618,20,190,31,0.163157894736842
1.5,980,21249627,22,231,34,0.147186147186147
1.5,981,21250636,24,276,48,0.173913043478261
1.5,982,21251645,24,276,37,0.134057971014493
1.5,983,21252654,24,276,41,0.148550724637681
1.5,984,21253663,24,276,43,0.155797101449275
1.5,985,21254672,23,253,33,0.130434782608696
1.5,986,21255681,24,276,41,0.148550724637681
1.5,987,21256690,22,231,38,0.164502164502165
1.5,988,21257699,25,300,42,0.14
1.5,989,21258708,23,253,37,0.146245059288538
1.5,990,21259717,24,276,40,0.144927536231884
1.5,991,21260726,23,253,43,0.1699604743083
1.5,992,21261735,24,276,42,0.152173913043478
1.5,993,21262744,25,300,42,0.14
1.5,994,21263753,23,253,39,0.154150197628458
1.5,995,21264762,20,190,31,0.163157894736842
1.5,996,21265771,21,210,40,0.19047619047619
1.5,997,21266780,22,231,30,0.12987012987013
1.5,998,21267789,23,253,40,0.158102766798419
1.5,999,21268798,23,253,37,0.146245059288538
1.5,1000,21269807,25,300,45,0.15
1.55,1,20261816,21,210,35,0.166666666666667
1.55,2,20262825,22,231,34,0.147186147186147
1.55,3,20263834,21,210,33,0.157142857142857
1.55,4,20264843,20,190,28,0.147368421052632
1.55,5,20265852,21,210,32,0.152380952380952
1.55,6,20266861,21,210,40,0.19047619047619
1.55,7,20267870,22,231,35,0.151515151515152
1.55,8,20268879,21,210,30,0.142857142857143
1.55,9,20269888,21,210,28,0.133333333333333
1.55,10,20270897,25,300,48,0.16
1.55,11,20271906,20,190,23,0.121052631578947
1.55,12,20272915,20,190,30,0.157894736842105
1.55,13,20273924,21,210,35,0.166666666666667
1.55,14,20274933,23,253,37,0.146245059288538
1.55,15,20275942,23,253,44,0.173913043478261
1.55,16,20276951,23,253,33,0.130434782608696
1.55,17,20277960,21,210,35,0.166666666666667
1.55,18,20278969,18,153,28,0.183006535947712
1.55,19,20279978,20,190,31,0.163157894736842
1.55,20,20280987,21,210,31,0.147619047619048
1.55,21,20281996,21,210,38,0.180952380952381
1.55,22,20283005,21,210,33,0.157142857142857
1.55,23,20284014,20,190,30,0.157894736842105
1.55,24,20285023,24,276,43,0.155797101449275
1.55,25,20286032,23,253,39,0.154150197628458
1.55,26,20287041,20,190,32,0.168421052631579
1.55,27,20288050,21,210,29,0.138095238095238
1.55,28,20289059,23,253,43,0.1699604743083
1.55,29,20290068,20,190,32,0.168421052631579
1.55,30,20291077,20,190,22,0.115789473684211
1.55,31,20292086,22,231,43,0.186147186147186
1.55,32,20293095,21,210,30,0.142857142857143
1.55,33,20294104,22,231,36,0.155844155844156
1.55,34,20295113,21,210,35,0.166666666666667
1.55,35,20296122,20,190,35,0.184210526315789
1.55,36,20297131,24,276,48,0.173913043478261
1.55,37,20298140,20,190,34,0.178947368421053
1.55,38,20299149,21,210,39,0.185714285714286
1.55,39,20300158,22,231,34,0.147186147186147
1.55,40,20301167,19,171,29,0.169590643274854
1.55,41,20302176,22,231,38,0.164502164502165
1.55,42,20303185,22,231,29,0.125541125541126
1.55,43,20304194,22,231,39,0.168831168831169
1.55,44,20305203,19,171,24,0.140350877192982
1.55,45,20306212,22,231,37,0.16017316017316
1.55,46,20307221,19,171,27,0.157894736842105
1.55,47,20308230,23,253,41,0.162055335968379
1.55,48,20309239,23,253,39,0.154150197628458
1.55,49,20310248,19,171,30,0.175438596491228
1.55,50,20311257,20,190,30,0.157894736842105
1.55,51,20312266,18,153,25,0.163398692810458
1.55,52,20313275,21,210,34,0.161904761904762
1.55,53,20314284,22,231,37,0.16017316017316
1.55,54,20315293,22,231,36,0.155844155844156
1.55,55,20316302,21,210,35,0.166666666666667
1.55,56,20317311,21,210,24,0.114285714285714
1.55,57,20318320,24,276,41,0.148550724637681
1.55,58,20319329,20,190,28,0.147368421052632
1.55,59,20320338,20,190,32,0.168421052631579
1.55,60,20321347,18,153,27,0.176470588235294
1.55,61,20322356,21,210,29,0.138095238095238
1.55,62,20323365,23,253,38,0.150197628458498
1.55,63,20324374,22,231,39,0.168831168831169
1.55,64,20325383,23,253,47,0.185770750988142
1.55,65,20326392,20,190,34,0.178947368421053
1.55,66,20327401,20,190,30,0.157894736842105
1.55,67,20328410,19,171,30,0.175438596491228
1.55,68,20329419,19,171,26,0.152046783625731
1.55,69,20330428,22,231,33,0.142857142857143
1.55,70,20331437,21,210,32,0.152380952380952
1.55,71,20332446,19,171,34,0.198830409356725
1.55,72,20333455,20,190,29,0.152631578947368
1.55,73,20334464,23,253,38,0.150197628458498
1.55,74,20335473,23,253,40,0.158102766798419
1.55,75,20336482,19,171,31,0.181286549707602
1.55,76,20337491,22,231,36,0.155844155844156
1.55,77,20338500,22,231,40,0.173160173160173
1.55,78,20339509,21,210,31,0.147619047619048
1.55,79,20340518,23,253,37,0.146245059288538
1.55,80,20341527,21,210,37,0.176190476190476
1.55,81,20342536,20,190,29,0.152631578947368
1.55,82,20343545,20,190,28,0.147368421052632
1.55,83,20344554,20,190,30,0.157894736842105
1.55,84,20345563,20,190,30,0.157894736842105
1.55,85,20346572,21,210,36,0.171428571428571
1.55,86,20347581,20,190,29,0.152631578947368
1.55,87,20348590,19,171,25,0.146198830409357
1.55,88,20349599,18,153,24,0.156862745098039
1.55,89,20350608,19,171,23,0.134502923976608
1.55,90,20351617,22,231,43,0.186147186147186
1.55,91,20352626,21,210,38,0.180952380952381
1.55,92,20353635,23,253,36,0.142292490118577
1.55,93,20354644,23,253,40,0.158102766798419
1.55,94,20355653,20,190,34,0.178947368421053
1.55,95,20356662,23,253,36,0.142292490118577
1.55,96,20357671,19,171,28,0.16374269005848
1.55,97,20358680,21,210,28,0.133333333333333
1.55,98,20359689,22,231,37,0.16017316017316
1.55,99,20360698,21,210,32,0.152380952380952
1.55,100,20361707,20,190,29,0.152631578947368
1.55,101,20362716,21,210,31,0.147619047619048
1.55,102,20363725,19,171,26,0.152046783625731
1.55,103,20364734,21,210,32,0.152380952380952
1.55,104,20365743,21,210,29,0.138095238095238
1.55,105,20366752,20,190,31,0.163157894736842
1.55,106,20367761,21,210,30,0.142857142857143
1.55,107,20368770,22,231,34,0.147186147186147
1.55,108,20369779,20,190,33,0.173684210526316
1.55,109,20370788,20,190,28,0.147368421052632
1.55,110,20371797,23,253,38,0.150197628458498
1.55,111,20372806,21,210,35,0.166666666666667
1.55,112,20373815,22,231,37,0.16017316017316
1.55,113,20374824,22,231,35,0.151515151515152
1.55,114,20375833,20,190,27,0.142105263157895
1.55,115,20376842,20,190,35,0.184210526315789
1.55,116,20377851,23,253,40,0.158102766798419
1.55,117,20378860,21,210,29,0.138095238095238
1.55,118,20379869,21,210,40,0.19047619047619
1.55,119,20380878,21,210,36,0.171428571428571
1.55,120,20381887,20,190,33,0.173684210526316
1.55,121,20382896,21,210,34,0.161904761904762
1.55,122,20383905,21,210,28,0.133333333333333
1.55,123,20384914,21,210,35,0.166666666666667
1.55,124,20385923,24,276,43,0.155797101449275
1.55,125,20386932,20,190,28,0.147368421052632
1.55,126,20387941,22,231,38,0.164502164502165
1.55,127,20388950,22,231,37,0.16017316017316
1.55,128,20389959,25,300,42,0.14
1.55,129,20390968,18,153,24,0.156862745098039
1.55,130,20391977,21,210,40,0.19047619047619
1.55,131,20392986,20,190,29,0.152631578947368
1.55,132,20393995,21,210,35,0.166666666666667
1.55,133,20395004,21,210,27,0.128571428571429
1.55,134,20396013,23,253,35,0.138339920948617
1.55,135,20397022,20,190,25,0.131578947368421
1.55,136,20398031,19,171,27,0.157894736842105
1.55,137,20399040,21,210,31,0.147619047619048
1.55,138,20400049,22,231,36,0.155844155844156
1.55,139,20401058,18,153,24,0.156862745098039
1.55,140,20402067,21,210,34,0.161904761904762
1.55,141,20403076,22,231,34,0.147186147186147
1.55,142,20404085,22,231,37,0.16017316017316
1.55,143,20405094,19,171,26,0.152046783625731
1.55,144,20406103,21,210,39,0.185714285714286
1.55,145,20407112,18,153,25,0.163398692810458
1.55,146,20408121,21,210,33,0.157142857142857
1.55,147,20409130,21,210,31,0.147619047619048
1.55,148,20410139,21,210,39,0.185714285714286
1.55,149,20411148,23,253,37,0.146245059288538
1.55,150,20412157,22,231,32,0.138528138528139
1.55,151,20413166,22,231,32,0.138528138528139
1.55,152,20414175,22,231,37,0.16017316017316
1.55,153,20415184,23,253,39,0.154150197628458
1.55,154,20416193,22,231,35,0.151515151515152
1.55,155,20417202,21,210,34,0.161904761904762
1.55,156,20418211,24,276,43,0.155797101449275
1.55,157,20419220,22,231,34,0.147186147186147
1.55,158,20420229,20,190,35,0.184210526315789
1.55,159,20421238,19,171,25,0.146198830409357
1.55,160,20422247,18,153,25,0.163398692810458
1.55,161,20423256,23,253,44,0.173913043478261
1.55,162,20424265,23,253,33,0.130434782608696
1.55,163,20425274,20,190,22,0.115789473684211
1.55,164,20426283,19,171,30,0.175438596491228
1.55,165,20427292,20,190,36,0.189473684210526
1.55,166,20428301,19,171,25,0.146198830409357
1.55,167,20429310,22,231,38,0.164502164502165
1.55,168,20430319,22,231,37,0.16017316017316
1.55,169,20431328,22,231,36,0.155844155844156
1.55,170,20432337,21,210,40,0.19047619047619
1.55,171,20433346,22,231,39,0.168831168831169
1.55,172,20434355,21,210,32,0.152380952380952
1.55,173,20435364,20,190,28,0.147368421052632
1.55,174,20436373,20,190,29,0.152631578947368
1.55,175,20437382,21,210,31,0.147619047619048
1.55,176,20438391,21,210,29,0.138095238095238
1.55,177,20439400,21,210,35,0.166666666666667
1.55,178,20440409,23,253,46,0.181818181818182
1.55,179,20441418,19,171,29,0.169590643274854
1.55,180,20442427,21,210,36,0.171428571428571
1.55,181,20443436,18,153,28,0.183006535947712
1.55,182,20444445,21,210,37,0.176190476190476
1.55,183,20445454,20,190,30,0.157894736842105
1.55,184,20446463,22,231,32,0.138528138528139
1.55,185,20447472,22,231,40,0.173160173160173
1.55,186,20448481,21,210,32,0.152380952380952
1.55,187,20449490,22,231,27,0.116883116883117
1.55,188,20450499,20,190,31,0.163157894736842
1.55,189,20451508,19,171,26,0.152046783625731
1.55,190,20452517,19,171,32,0.187134502923977
1.55,191,20453526,19,171,34,0.198830409356725
1.55,192,20454535,20,190,29,0.152631578947368
1.55,193,20455544,21,210,35,0.166666666666667
1.55,194,20456553,21,210,39,0.185714285714286
1.55,195,20457562,22,231,40,0.173160173160173
1.55,196,20458571,21,210,31,0.147619047619048
1.55,197,20459580,21,210,32,0.152380952380952
1.55,198,20460589,22,231,41,0.177489177489178
1.55,199,20461598,18,153,25,0.163398692810458
1.55,200,20462607,20,190,31,0.163157894736842
1.55,201,20463616,23,253,39,0.154150197628458
1.55,202,20464625,19,171,30,0.175438596491228
1.55,203,20465634,21,210,30,0.142857142857143
1.55,204,20466643,19,171,27,0.157894736842105
1.55,205,20467652,20,190,27,0.142105263157895
1.55,206,20468661,20,190,25,0.131578947368421
1.55,207,20469670,22,231,38,0.164502164502165
1.55,208,20470679,19,171,25,0.146198830409357
1.55,209,20471688,21,210,34,0.161904761904762
1.55,210,20472697,21,210,37,0.176190476190476
1.55,211,20473706,21,210,32,0.152380952380952
1.55,212,20474715,23,253,38,0.150197628458498
1.55,213,20475724,24,276,46,0.166666666666667
1.55,214,20476733,20,190,32,0.168421052631579
1.55,215,20477742,22,231,36,0.155844155844156
1.55,216,20478751,23,253,37,0.146245059288538
1.55,217,20479760,20,190,34,0.178947368421053
1.55,218,20480769,21,210,41,0.195238095238095
1.55,219,20481778,21,210,33,0.157142857142857
1.55,220,20482787,22,231,42,0.181818181818182
1.55,221,20483796,22,231,32,0.138528138528139
1.55,222,20484805,24,276,46,0.166666666666667
1.55,223,20485814,21,210,33,0.157142857142857
1.55,224,20486823,20,190,29,0.152631578947368
1.55,225,20487832,19,171,27,0.157894736842105
1.55,226,20488841,23,253,39,0.154150197628458
1.55,227,20489850,21,210,30,0.142857142857143
1.55,228,20490859,19,171,27,0.157894736842105
1.55,229,20491868,23,253,41,0.162055335968379
1.55,230,20492877,22,231,32,0.138528138528139
1.55,231,20493886,23,253,30,0.118577075098814
1.55,232,20494895,20,190,27,0.142105263157895
1.55,233,20495904,21,210,33,0.157142857142857
1.55,234,20496913,21,210,33,0.157142857142857
1.55,235,20497922,21,210,31,0.147619047619048
1.55,236,20498931,22,231,34,0.147186147186147
1.55,237,20499940,23,253,40,0.158102766798419
1.55,238,20500949,21,210,28,0.133333333333333
1.55,239,20501958,21,210,30,0.142857142857143
1.55,240,20502967,18,153,24,0.156862745098039
1.55,241,20503976,20,190,32,0.168421052631579
1.55,242,20504985,20,190,29,0.152631578947368
1.55,243,20505994,20,190,35,0.184210526315789
1.55,244,20507003,22,231,34,0.147186147186147
1.55,245,20508012,22,231,30,0.12987012987013
1.55,246,20509021,21,210,33,0.157142857142857
1.55,247,20510030,23,253,39,0.154150197628458
1.55,248,20511039,21,210,35,0.166666666666667
1.55,249,20512048,23,253,42,0.16600790513834
1.55,250,20513057,23,253,41,0.162055335968379
1.55,251,20514066,21,210,39,0.185714285714286
1.55,252,20515075,22,231,40,0.173160173160173
1.55,253,20516084,21,210,38,0.180952380952381
1.55,254,20517093,20,190,28,0.147368421052632
1.55,255,20518102,23,253,43,0.1699604743083
1.55,256,20519111,22,231,35,0.151515151515152
1.55,257,20520120,23,253,34,0.134387351778656
1.55,258,20521129,21,210,30,0.142857142857143
1.55,259,20522138,20,190,28,0.147368421052632
1.55,260,20523147,21,210,36,0.171428571428571
1.55,261,20524156,22,231,42,0.181818181818182
1.55,262,20525165,20,190,24,0.126315789473684
1.55,263,20526174,22,231,38,0.164502164502165
1.55,264,20527183,22,231,34,0.147186147186147
1.55,265,20528192,21,210,29,0.138095238095238
1.55,266,20529201,22,231,38,0.164502164502165
1.55,267,20530210,22,231,31,0.134199134199134
1.55,268,20531219,24,276,40,0.144927536231884
1.55,269,20532228,19,171,23,0.134502923976608
1.55,270,20533237,21,210,32,0.152380952380952
1.55,271,20534246,23,253,34,0.134387351778656
1.55,272,20535255,21,210,37,0.176190476190476
1.55,273,20536264,23,253,37,0.146245059288538
1.55,274,20537273,19,171,27,0.157894736842105
1.55,275,20538282,21,210,37,0.176190476190476
1.55,276,20539291,21,210,32,0.152380952380952
1.55,277,20540300,21,210,34,0.161904761904762
1.55,278,20541309,21,210,34,0.161904761904762
1.55,279,20542318,24,276,43,0.155797101449275
1.55,280,20543327,23,253,34,0.134387351778656
1.55,281,20544336,20,190,33,0.173684210526316
1.55,282,20545345,21,210,35,0.166666666666667
1.55,283,20546354,20,190,34,0.178947368421053
1.55,284,20547363,21,210,35,0.166666666666667
1.55,285,20548372,19,171,24,0.140350877192982
1.55,286,20549381,22,231,35,0.151515151515152
1.55,287,20550390,22,231,39,0.168831168831169
1.55,288,20551399,20,190,31,0.163157894736842
1.55,289,20552408,22,231,34,0.147186147186147
1.55,290,20553417,21,210,32,0.152380952380952
1.55,291,20554426,22,231,40,0.173160173160173
1.55,292,20555435,21,210,39,0.185714285714286
1.55,293,20556444,23,253,43,0.1699604743083
1.55,294,20557453,26,325,49,0.150769230769231
1.55,295,20558462,24,276,49,0.177536231884058
1.55,296,20559471,20,190,28,0.147368421052632
1.55,297,20560480,20,190,29,0.152631578947368
1.55,298,20561489,23,253,44,0.173913043478261
1.55,299,20562498,23,253,38,0.150197628458498
1.55,300,20563507,21,210,34,0.161904761904762
1.55,301,20564516,20,190,28,0.147368421052632
1.55,302,20565525,22,231,38,0.164502164502165
1.55,303,20566534,26,325,49,0.150769230769231
1.55,304,20567543,21,210,33,0.157142857142857
1.55,305,20568552,21,210,38,0.180952380952381
1.55,306,20569561,22,231,35,0.151515151515152
1.55,307,20570570,19,171,26,0.152046783625731
1.55,308,20571579,20,190,34,0.178947368421053
1.55,309,20572588,19,171,25,0.146198830409357
1.55,310,20573597,19,171,26,0.152046783625731
1.55,311,20574606,20,190,31,0.163157894736842
1.55,312,20575615,25,300,50,0.166666666666667
1.55,313,20576624,20,190,29,0.152631578947368
1.55,314,20577633,18,153,21,0.137254901960784
1.55,315,20578642,20,190,30,0.157894736842105
1.55,316,20579651,21,210,34,0.161904761904762
1.55,317,20580660,23,253,41,0.162055335968379
1.55,318,20581669,22,231,39,0.168831168831169
1.55,319,20582678,22,231,40,0.173160173160173
1.55,320,20583687,20,190,29,0.152631578947368
1.55,321,20584696,20,190,31,0.163157894736842
1.55,322,20585705,20,190,30,0.157894736842105
1.55,323,20586714,19,171,26,0.152046783625731
1.55,324,20587723,21,210,32,0.152380952380952
1.55,325,20588732,20,190,27,0.142105263157895
1.55,326,20589741,19,171,28,0.16374269005848
1.55,327,20590750,22,231,36,0.155844155844156
1.55,328,20591759,22,231,35,0.151515151515152
1.55,329,20592768,24,276,44,0.159420289855072
1.55,330,20593777,20,190,33,0.173684210526316
1.55,331,20594786,22,231,36,0.155844155844156
1.55,332,20595795,24,276,42,0.152173913043478
1.55,333,20596804,22,231,39,0.168831168831169
1.55,334,20597813,21,210,30,0.142857142857143
1.55,335,20598822,19,171,28,0.16374269005848
1.55,336,20599831,23,253,44,0.173913043478261
1.55,337,20600840,21,210,30,0.142857142857143
1.55,338,20601849,19,171,28,0.16374269005848
1.55,339,20602858,20,190,31,0.163157894736842
1.55,340,20603867,21,210,34,0.161904761904762
1.55,341,20604876,22,231,36,0.155844155844156
1.55,342,20605885,20,190,33,0.173684210526316
1.55,343,20606894,19,171,26,0.152046783625731
1.55,344,20607903,21,210,34,0.161904761904762
1.55,345,20608912,20,190,30,0.157894736842105
1.55,346,20609921,21,210,33,0.157142857142857
1.55,347,20610930,21,210,28,0.133333333333333
1.55,348,20611939,18,153,23,0.150326797385621
1.55,349,20612948,21,210,31,0.147619047619048
1.55,350,20613957,24,276,49,0.177536231884058
1.55,351,20614966,22,231,43,0.186147186147186
1.55,352,20615975,21,210,30,0.142857142857143
1.55,353,20616984,22,231,36,0.155844155844156
1.55,354,20617993,19,171,20,0.116959064327485
1.55,355,20619002,23,253,34,0.134387351778656
1.55,356,20620011,22,231,42,0.181818181818182
1.55,357,20621020,22,231,33,0.142857142857143
1.55,358,20622029,21,210,45,0.214285714285714
1.55,359,20623038,23,253,46,0.181818181818182
1.55,360,20624047,23,253,45,0.177865612648221
1.55,361,20625056,21,210,33,0.157142857142857
1.55,362,20626065,22,231,41,0.177489177489178
1.55,363,20627074,19,171,35,0.204678362573099
1.55,364,20628083,21,210,29,0.138095238095238
1.55,365,20629092,23,253,48,0.189723320158103
1.55,366,20630101,19,171,27,0.157894736842105
1.55,367,20631110,22,231,35,0.151515151515152
1.55,368,20632119,18,153,25,0.163398692810458
1.55,369,20633128,20,190,33,0.173684210526316
1.55,370,20634137,22,231,34,0.147186147186147
1.55,371,20635146,21,210,38,0.180952380952381
1.55,372,20636155,25,300,42,0.14
1.55,373,20637164,21,210,27,0.128571428571429
1.55,374,20638173,21,210,35,0.166666666666667
1.55,375,20639182,20,190,31,0.163157894736842
1.55,376,20640191,23,253,41,0.162055335968379
1.55,377,20641200,19,171,29,0.169590643274854
1.55,378,20642209,24,276,42,0.152173913043478
1.55,379,20643218,19,171,27,0.157894736842105
1.55,380,20644227,22,231,44,0.19047619047619
1.55,381,20645236,20,190,28,0.147368421052632
1.55,382,20646245,17,136,24,0.176470588235294
1.55,383,20647254,24,276,44,0.159420289855072
1.55,384,20648263,20,190,30,0.157894736842105
1.55,385,20649272,21,210,36,0.171428571428571
1.55,386,20650281,23,253,36,0.142292490118577
1.55,387,20651290,21,210,30,0.142857142857143
1.55,388,20652299,20,190,20,0.105263157894737
1.55,389,20653308,24,276,37,0.134057971014493
1.55,390,20654317,21,210,39,0.185714285714286
1.55,391,20655326,21,210,35,0.166666666666667
1.55,392,20656335,21,210,27,0.128571428571429
1.55,393,20657344,22,231,33,0.142857142857143
1.55,394,20658353,18,153,22,0.143790849673203
1.55,395,20659362,19,171,25,0.146198830409357
1.55,396,20660371,22,231,33,0.142857142857143
1.55,397,20661380,22,231,42,0.181818181818182
1.55,398,20662389,21,210,38,0.180952380952381
1.55,399,20663398,23,253,43,0.1699604743083
1.55,400,20664407,17,136,21,0.154411764705882
1.55,401,20665416,22,231,40,0.173160173160173
1.55,402,20666425,22,231,35,0.151515151515152
1.55,403,20667434,20,190,31,0.163157894736842
1.55,404,20668443,22,231,43,0.186147186147186
1.55,405,20669452,18,153,30,0.196078431372549
1.55,406,20670461,21,210,35,0.166666666666667
1.55,407,20671470,21,210,32,0.152380952380952
1.55,408,20672479,20,190,37,0.194736842105263
1.55,409,20673488,21,210,39,0.185714285714286
1.55,410,20674497,21,210,29,0.138095238095238
1.55,411,20675506,19,171,24,0.140350877192982
1.55,412,20676515,20,190,29,0.152631578947368
1.55,413,20677524,20,190,31,0.163157894736842
1.55,414,20678533,19,171,23,0.134502923976608
1.55,415,20679542,22,231,35,0.151515151515152
1.55,416,20680551,22,231,33,0.142857142857143
1.55,417,20681560,21,210,34,0.161904761904762
1.55,418,20682569,22,231,39,0.168831168831169
1.55,419,20683578,21,210,35,0.166666666666667
1.55,420,20684587,22,231,38,0.164502164502165
1.55,421,20685596,22,231,41,0.177489177489178
1.55,422,20686605,21,210,33,0.157142857142857
1.55,423,20687614,19,171,33,0.192982456140351
1.55,424,20688623,21,210,40,0.19047619047619
1.55,425,20689632,21,210,32,0.152380952380952
1.55,426,20690641,20,190,31,0.163157894736842
1.55,427,20691650,21,210,32,0.152380952380952
1.55,428,20692659,23,253,31,0.122529644268775
1.55,429,20693668,19,171,32,0.187134502923977
1.55,430,20694677,20,190,30,0.157894736842105
1.55,431,20695686,21,210,42,0.2
1.55,432,20696695,20,190,30,0.157894736842105
1.55,433,20697704,23,253,34,0.134387351778656
1.55,434,20698713,22,231,36,0.155844155844156
1.55,435,20699722,23,253,43,0.1699604743083
1.55,436,20700731,23,253,36,0.142292490118577
1.55,437,20701740,20,190,25,0.131578947368421
1.55,438,20702749,22,231,36,0.155844155844156
1.55,439,20703758,21,210,31,0.147619047619048
1.55,440,20704767,20,190,28,0.147368421052632
1.55,441,20705776,21,210,38,0.180952380952381
1.55,442,20706785,21,210,37,0.176190476190476
1.55,443,20707794,21,210,36,0.171428571428571
1.55,444,20708803,21,210,29,0.138095238095238
1.55,445,20709812,23,253,45,0.177865612648221
1.55,446,20710821,22,231,40,0.173160173160173
1.55,447,20711830,21,210,34,0.161904761904762
1.55,448,20712839,21,210,34,0.161904761904762
1.55,449,20713848,20,190,23,0.121052631578947
1.55,450,20714857,21,210,36,0.171428571428571
1.55,451,20715866,22,231,41,0.177489177489178
1.55,452,20716875,22,231,39,0.168831168831169
1.55,453,20717884,22,231,41,0.177489177489178
1.55,454,20718893,22,231,38,0.164502164502165
1.55,455,20719902,22,231,34,0.147186147186147
1.55,456,20720911,20,190,28,0.147368421052632
1.55,457,20721920,21,210,39,0.185714285714286
1.55,458,20722929,21,210,31,0.147619047619048
1.55,459,20723938,22,231,35,0.151515151515152
1.55,460,20724947,22,231,29,0.125541125541126
1.55,461,20725956,20,190,32,0.168421052631579
1.55,462,20726965,21,210,38,0.180952380952381
1.55,463,20727974,21,210,38,0.180952380952381
1.55,464,20728983,19,171,30,0.175438596491228
1.55,465,20729992,18,153,23,0.150326797385621
1.55,466,20731001,23,253,39,0.154150197628458
1.55,467,20732010,22,231,36,0.155844155844156
1.55,468,20733019,19,171,30,0.175438596491228
1.55,469,20734028,19,171,28,0.16374269005848
1.55,470,20735037,21,210,33,0.157142857142857
1.55,471,20736046,22,231,37,0.16017316017316
1.55,472,20737055,22,231,37,0.16017316017316
1.55,473,20738064,22,231,34,0.147186147186147
1.55,474,20739073,20,190,35,0.184210526315789
1.55,475,20740082,20,190,33,0.173684210526316
1.55,476,20741091,21,210,40,0.19047619047619
1.55,477,20742100,22,231,36,0.155844155844156
1.55,478,20743109,24,276,39,0.141304347826087
1.55,479,20744118,20,190,30,0.157894736842105
1.55,480,20745127,22,231,43,0.186147186147186
1.55,481,20746136,18,153,19,0.124183006535948
1.55,482,20747145,21,210,32,0.152380952380952
1.55,483,20748154,24,276,42,0.152173913043478
1.55,484,20749163,22,231,30,0.12987012987013
1.55,485,20750172,21,210,31,0.147619047619048
1.55,486,20751181,21,210,35,0.166666666666667
1.55,487,20752190,23,253,31,0.122529644268775
1.55,488,20753199,23,253,35,0.138339920948617
1.55,489,20754208,23,253,38,0.150197628458498
1.55,490,20755217,21,210,34,0.161904761904762
1.55,491,20756226,21,210,33,0.157142857142857
1.55,492,20757235,20,190,31,0.163157894736842
1.55,493,20758244,22,231,34,0.147186147186147
1.55,494,20759253,21,210,34,0.161904761904762
1.55,495,20760262,20,190,34,0.178947368421053
1.55,496,20761271,23,253,38,0.150197628458498
1.55,497,20762280,20,190,32,0.168421052631579
1.55,498,20763289,18,153,25,0.163398692810458
1.55,499,20764298,20,190,28,0.147368421052632
1.55,500,20765307,23,253,40,0.158102766798419
1.55,501,20766316,19,171,23,0.134502923976608
1.55,502,20767325,19,171,30,0.175438596491228
1.55,503,20768334,22,231,31,0.134199134199134
1.55,504,20769343,25,300,45,0.15
1.55,505,20770352,20,190,29,0.152631578947368
1.55,506,20771361,22,231,38,0.164502164502165
1.55,507,20772370,19,171,30,0.175438596491228
1.55,508,20773379,21,210,32,0.152380952380952
1.55,509,20774388,21,210,34,0.161904761904762
1.55,510,20775397,21,210,36,0.171428571428571
1.55,511,20776406,22,231,41,0.177489177489178
1.55,512,20777415,21,210,37,0.176190476190476
1.55,513,20778424,24,276,35,0.126811594202899
1.55,514,20779433,23,253,35,0.138339920948617
1.55,515,20780442,20,190,31,0.163157894736842
1.55,516,20781451,20,190,28,0.147368421052632
1.55,517,20782460,21,210,35,0.166666666666667
1.55,518,20783469,19,171,25,0.146198830409357
1.55,519,20784478,18,153,27,0.176470588235294
1.55,520,20785487,21,210,30,0.142857142857143
1.55,521,20786496,19,171,27,0.157894736842105
1.55,522,20787505,22,231,34,0.147186147186147
1.55,523,20788514,22,231,37,0.16017316017316
1.55,524,20789523,21,210,33,0.157142857142857
1.55,525,20790532,22,231,33,0.142857142857143
1.55,526,20791541,19,171,26,0.152046783625731
1.55,527,20792550,21,210,33,0.157142857142857
1.55,528,20793559,22,231,33,0.142857142857143
1.55,529,20794568,23,253,35,0.138339920948617
1.55,530,20795577,21,210,28,0.133333333333333
1.55,531,20796586,21,210,34,0.161904761904762
1.55,532,20797595,24,276,44,0.159420289855072
1.55,533,20798604,20,190,27,0.142105263157895
1.55,534,20799613,21,210,43,0.204761904761905
1.55,535,20800622,23,253,44,0.173913043478261
1.55,536,20801631,19,171,30,0.175438596491228
1.55,537,20802640,23,253,38,0.150197628458498
1.55,538,20803649,20,190,35,0.184210526315789
1.55,539,20804658,22,231,37,0.16017316017316
1.55,540,20805667,20,190,24,0.126315789473684
1.55,541,20806676,21,210,35,0.166666666666667
1.55,542,20807685,20,190,30,0.157894736842105
1.55,543,20808694,20,190,29,0.152631578947368
1.55,544,20809703,18,153,25,0.163398692810458
1.55,545,20810712,21,210,36,0.171428571428571
1.55,546,20811721,19,171,27,0.157894736842105
1.55,547,20812730,20,190,30,0.157894736842105
1.55,548,20813739,23,253,33,0.130434782608696
1.55,549,20814748,21,210,37,0.176190476190476
1.55,550,20815757,21,210,31,0.147619047619048
1.55,551,20816766,23,253,38,0.150197628458498
1.55,552,20817775,17,136,24,0.176470588235294
1.55,553,20818784,22,231,40,0.173160173160173
1.55,554,20819793,21,210,35,0.166666666666667
1.55,555,20820802,22,231,34,0.147186147186147
1.55,556,20821811,20,190,23,0.121052631578947
1.55,557,20822820,20,190,34,0.178947368421053
1.55,558,20823829,22,231,34,0.147186147186147
1.55,559,20824838,21,210,29,0.138095238095238
1.55,560,20825847,22,231,39,0.168831168831169
1.55,561,20826856,21,210,33,0.157142857142857
1.55,562,20827865,22,231,35,0.151515151515152
1.55,563,20828874,21,210,30,0.142857142857143
1.55,564,20829883,20,190,29,0.152631578947368
1.55,565,20830892,22,231,30,0.12987012987013
1.55,566,20831901,19,171,28,0.16374269005848
1.55,567,20832910,21,210,37,0.176190476190476
1.55,568,20833919,20,190,33,0.173684210526316
1.55,569,20834928,21,210,29,0.138095238095238
1.55,570,20835937,22,231,32,0.138528138528139
1.55,571,20836946,20,190,36,0.189473684210526
1.55,572,20837955,23,253,41,0.162055335968379
1.55,573,20838964,20,190,28,0.147368421052632
1.55,574,20839973,21,210,33,0.157142857142857
1.55,575,20840982,22,231,37,0.16017316017316
1.55,576,20841991,22,231,40,0.173160173160173
1.55,577,20843000,22,231,33,0.142857142857143
1.55,578,20844009,21,210,40,0.19047619047619
1.55,579,20845018,21,210,32,0.152380952380952
1.55,580,20846027,24,276,45,0.16304347826087
1.55,581,20847036,22,231,37,0.16017316017316
1.55,582,20848045,22,231,37,0.16017316017316
1.55,583,20849054,21,210,27,0.128571428571429
1.55,584,20850063,22,231,35,0.151515151515152
1.55,585,20851072,21,210,29,0.138095238095238
1.55,586,20852081,21,210,38,0.180952380952381
1.55,587,20853090,21,210,35,0.166666666666667
1.55,588,20854099,23,253,44,0.173913043478261
1.55,589,20855108,22,231,41,0.177489177489178
1.55,590,20856117,21,210,32,0.152380952380952
1.55,591,20857126,23,253,37,0.146245059288538
1.55,592,20858135,23,253,35,0.138339920948617
1.55,593,20859144,17,136,20,0.147058823529412
1.55,594,20860153,20,190,31,0.163157894736842
1.55,595,20861162,21,210,35,0.166666666666667
1.55,596,20862171,18,153,20,0.130718954248366
1.55,597,20863180,22,231,40,0.173160173160173
1.55,598,20864189,20,190,35,0.184210526315789
1.55,599,20865198,18,153,20,0.130718954248366
1.55,600,20866207,20,190,28,0.147368421052632
1.55,601,20867216,21,210,33,0.157142857142857
1.55,602,20868225,20,190,34,0.178947368421053
1.55,603,20869234,22,231,39,0.168831168831169
1.55,604,20870243,19,171,29,0.169590643274854
1.55,605,20871252,22,231,32,0.138528138528139
1.55,606,20872261,20,190,28,0.147368421052632
1.55,607,20873270,19,171,24,0.140350877192982
1.55,608,20874279,23,253,37,0.146245059288538
1.55,609,20875288,21,210,33,0.157142857142857
1.55,610,20876297,23,253,42,0.16600790513834
1.55,611,20877306,21,210,35,0.166666666666667
1.55,612,20878315,22,231,38,0.164502164502165
1.55,613,20879324,23,253,44,0.173913043478261
1.55,614,20880333,20,190,34,0.178947368421053
1.55,615,20881342,22,231,36,0.155844155844156
1.55,616,20882351,21,210,36,0.171428571428571
1.55,617,20883360,22,231,37,0.16017316017316
1.55,618,20884369,20,190,33,0.173684210526316
1.55,619,20885378,22,231,40,0.173160173160173
1.55,620,20886387,19,171,28,0.16374269005848
1.55,621,20887396,22,231,37,0.16017316017316
1.55,622,20888405,19,171,27,0.157894736842105
1.55,623,20889414,24,276,43,0.155797101449275
1.55,624,20890423,20,190,35,0.184210526315789
1.55,625,20891432,21,210,35,0.166666666666667
1.55,626,20892441,20,190,31,0.163157894736842
1.55,627,20893450,22,231,28,0.121212121212121
1.55,628,20894459,22,231,36,0.155844155844156
1.55,629,20895468,22,231,33,0.142857142857143
1.55,630,20896477,19,171,24,0.140350877192982
1.55,631,20897486,21,210,30,0.142857142857143
1.55,632,20898495,19,171,28,0.16374269005848
1.55,633,20899504,20,190,32,0.168421052631579
1.55,634,20900513,21,210,40,0.19047619047619
1.55,635,20901522,17,136,28,0.205882352941176
1.55,636,20902531,19,171,30,0.175438596491228
1.55,637,20903540,21,210,34,0.161904761904762
1.55,638,20904549,22,231,40,0.173160173160173
1.55,639,20905558,20,190,25,0.131578947368421
1.55,640,20906567,21,210,25,0.119047619047619
1.55,641,20907576,22,231,35,0.151515151515152
1.55,642,20908585,20,190,34,0.178947368421053
1.55,643,20909594,21,210,41,0.195238095238095
1.55,644,20910603,22,231,38,0.164502164502165
1.55,645,20911612,19,171,29,0.169590643274854
1.55,646,20912621,21,210,24,0.114285714285714
1.55,647,20913630,19,171,28,0.16374269005848
1.55,648,20914639,22,231,35,0.151515151515152
1.55,649,20915648,19,171,24,0.140350877192982
1.55,650,20916657,19,171,28,0.16374269005848
1.55,651,20917666,21,210,24,0.114285714285714
1.55,652,20918675,20,190,26,0.136842105263158
1.55,653,20919684,19,171,29,0.169590643274854
1.55,654,20920693,24,276,45,0.16304347826087
1.55,655,20921702,23,253,32,0.126482213438735
1.55,656,20922711,22,231,35,0.151515151515152
1.55,657,20923720,20,190,32,0.168421052631579
1.55,658,20924729,23,253,33,0.130434782608696
1.55,659,20925738,21,210,38,0.180952380952381
1.55,660,20926747,23,253,41,0.162055335968379
1.55,661,20927756,22,231,37,0.16017316017316
1.55,662,20928765,20,190,32,0.168421052631579
1.55,663,20929774,23,253,37,0.146245059288538
1.55,664,20930783,20,190,31,0.163157894736842
1.55,665,20931792,18,153,27,0.176470588235294
1.55,666,20932801,21,210,35,0.166666666666667
1.55,667,20933810,19,171,36,0.210526315789474
1.55,668,20934819,20,190,33,0.173684210526316
1.55,669,20935828,20,190,29,0.152631578947368
1.55,670,20936837,21,210,34,0.161904761904762
1.55,671,20937846,21,210,32,0.152380952380952
1.55,672,20938855,23,253,46,0.181818181818182
1.55,673,20939864,20,190,30,0.157894736842105
1.55,674,20940873,22,231,35,0.151515151515152
1.55,675,20941882,20,190,30,0.157894736842105
1.55,676,20942891,22,231,38,0.164502164502165
1.55,677,20943900,21,210,32,0.152380952380952
1.55,678,20944909,22,231,30,0.12987012987013
1.55,679,20945918,19,171,32,0.187134502923977
1.55,680,20946927,22,231,37,0.16017316017316
1.55,681,20947936,22,231,36,0.155844155844156
1.55,682,20948945,20,190,29,0.152631578947368
1.55,683,20949954,22,231,40,0.173160173160173
1.55,684,20950963,23,253,41,0.162055335968379
1.55,685,20951972,20,190,34,0.178947368421053
1.55,686,20952981,21,210,36,0.171428571428571
1.55,687,20953990,19,171,24,0.140350877192982
1.55,688,20954999,19,171,32,0.187134502923977
1.55,689,20956008,21,210,29,0.138095238095238
1.55,690,20957017,18,153,30,0.196078431372549
1.55,691,20958026,19,171,26,0.152046783625731
1.55,692,20959035,22,231,42,0.181818181818182
1.55,693,20960044,21,210,36,0.171428571428571
1.55,694,20961053,20,190,33,0.173684210526316
1.55,695,20962062,19,171,29,0.169590643274854
1.55,696,20963071,20,190,31,0.163157894736842
1.55,697,20964080,18,153,28,0.183006535947712
1.55,698,20965089,21,210,28,0.133333333333333
1.55,699,20966098,20,190,36,0.189473684210526
1.55,700,20967107,24,276,40,0.144927536231884
1.55,701,20968116,20,190,29,0.152631578947368
1.55,702,20969125,20,190,31,0.163157894736842
1.55,703,20970134,19,171,23,0.134502923976608
1.55,704,20971143,21,210,29,0.138095238095238
1.55,705,20972152,22,231,36,0.155844155844156
1.55,706,20973161,22,231,36,0.155844155844156
1.55,707,20974170,23,253,37,0.146245059288538
1.55,708,20975179,22,231,39,0.168831168831169
1.55,709,20976188,23,253,40,0.158102766798419
1.55,710,20977197,21,210,34,0.161904761904762
1.55,711,20978206,23,253,39,0.154150197628458
1.55,712,20979215,19,171,27,0.157894736842105
1.55,713,20980224,21,210,30,0.142857142857143
1.55,714,20981233,22,231,39,0.168831168831169
1.55,715,20982242,20,190,33,0.173684210526316
1.55,716,20983251,19,171,28,0.16374269005848
1.55,717,20984260,20,190,32,0.168421052631579
1.55,718,20985269,21,210,29,0.138095238095238
1.55,719,20986278,20,190,35,0.184210526315789
1.55,720,20987287,22,231,39,0.168831168831169
1.55,721,20988296,22,231,39,0.168831168831169
1.55,722,20989305,22,231,37,0.16017316017316
1.55,723,20990314,20,190,33,0.173684210526316
1.55,724,20991323,24,276,55,0.199275362318841
1.55,725,20992332,21,210,28,0.133333333333333
1.55,726,20993341,21,210,30,0.142857142857143
1.55,727,20994350,23,253,40,0.158102766798419
1.55,728,20995359,22,231,40,0.173160173160173
1.55,729,20996368,21,210,31,0.147619047619048
1.55,730,20997377,22,231,38,0.164502164502165
1.55,731,20998386,18,153,25,0.163398692810458
1.55,732,20999395,20,190,34,0.178947368421053
1.55,733,21000404,21,210,33,0.157142857142857
1.55,734,21001413,19,171,30,0.175438596491228
1.55,735,21002422,20,190,36,0.189473684210526
1.55,736,21003431,22,231,31,0.134199134199134
1.55,737,21004440,23,253,48,0.189723320158103
1.55,738,21005449,20,190,39,0.205263157894737
1.55,739,21006458,20,190,27,0.142105263157895
1.55,740,21007467,20,190,34,0.178947368421053
1.55,741,21008476,21,210,33,0.157142857142857
1.55,742,21009485,21,210,28,0.133333333333333
1.55,743,21010494,22,231,38,0.164502164502165
1.55,744,21011503,22,231,37,0.16017316017316
1.55,745,21012512,20,190,31,0.163157894736842
1.55,746,21013521,21,210,30,0.142857142857143
1.55,747,21014530,22,231,40,0.173160173160173
1.55,748,21015539,21,210,38,0.180952380952381
1.55,749,21016548,19,171,28,0.16374269005848
1.55,750,21017557,21,210,36,0.171428571428571
1.55,751,21018566,21,210,32,0.152380952380952
1.55,752,21019575,21,210,34,0.161904761904762
1.55,753,21020584,21,210,35,0.166666666666667
1.55,754,21021593,21,210,32,0.152380952380952
1.55,755,21022602,22,231,36,0.155844155844156
1.55,756,21023611,23,253,42,0.16600790513834
1.55,757,21024620,23,253,41,0.162055335968379
1.55,758,21025629,21,210,37,0.176190476190476
1.55,759,21026638,20,190,28,0.147368421052632
1.55,760,21027647,25,300,48,0.16
1.55,761,21028656,20,190,34,0.178947368421053
1.55,762,21029665,20,190,28,0.147368421052632
1.55,763,21030674,23,253,39,0.154150197628458
1.55,764,21031683,20,190,30,0.157894736842105
1.55,765,21032692,22,231,29,0.125541125541126
1.55,766,21033701,23,253,41,0.162055335968379
1.55,767,21034710,20,190,26,0.136842105263158
1.55,768,21035719,20,190,27,0.142105263157895
1.55,769,21036728,20,190,31,0.163157894736842
1.55,770,21037737,21,210,34,0.161904761904762
1.55,771,21038746,20,190,30,0.157894736842105
1.55,772,21039755,21,210,30,0.142857142857143
1.55,773,21040764,23,253,42,0.16600790513834
1.55,774,21041773,20,190,31,0.163157894736842
1.55,775,21042782,22,231,30,0.12987012987013
1.55,776,21043791,20,190,25,0.131578947368421
1.55,777,21044800,22,231,34,0.147186147186147
1.55,778,21045809,20,190,28,0.147368421052632
1.55,779,21046818,21,210,35,0.166666666666667
1.55,780,21047827,19,171,22,0.128654970760234
1.55,781,21048836,21,210,37,0.176190476190476
1.55,782,21049845,21,210,34,0.161904761904762
1.55,783,21050854,21,210,30,0.142857142857143
1.55,784,21051863,22,231,33,0.142857142857143
1.55,785,21052872,21,210,36,0.171428571428571
1.55,786,21053881,24,276,43,0.155797101449275
1.55,787,21054890,20,190,29,0.152631578947368
1.55,788,21055899,19,171,35,0.204678362573099
1.55,789,21056908,20,190,32,0.168421052631579
1.55,790,21057917,21,210,34,0.161904761904762
1.55,791,21058926,18,153,26,0.169934640522876
1.55,792,21059935,20,190,27,0.142105263157895
1.55,793,21060944,20,190,34,0.178947368421053
1.55,794,21061953,20,190,31,0.163157894736842
1.55,795,21062962,21,210,32,0.152380952380952
1.55,796,21063971,20,190,37,0.194736842105263
1.55,797,21064980,18,153,25,0.163398692810458
1.55,798,21065989,18,153,23,0.150326797385621
1.55,799,21066998,19,171,28,0.16374269005848
1.55,800,21068007,22,231,35,0.151515151515152
1.55,801,21069016,22,231,40,0.173160173160173
1.55,802,21070025,17,136,24,0.176470588235294
1.55,803,21071034,20,190,29,0.152631578947368
1.55,804,21072043,22,231,34,0.147186147186147
1.55,805,21073052,20,190,29,0.152631578947368
1.55,806,21074061,22,231,36,0.155844155844156
1.55,807,21075070,18,153,26,0.169934640522876
1.55,808,21076079,21,210,39,0.185714285714286
1.55,809,21077088,18,153,26,0.169934640522876
1.55,810,21078097,21,210,29,0.138095238095238
1.55,811,21079106,22,231,32,0.138528138528139
1.55,812,21080115,20,190,34,0.178947368421053
1.55,813,21081124,19,171,31,0.181286549707602
1.55,814,21082133,21,210,27,0.128571428571429
1.55,815,21083142,22,231,36,0.155844155844156
1.55,816,21084151,20,190,39,0.205263157894737
1.55,817,21085160,22,231,37,0.16017316017316
1.55,818,21086169,22,231,36,0.155844155844156
1.55,819,21087178,21,210,30,0.142857142857143
1.55,820,21088187,18,153,23,0.150326797385621
1.55,821,21089196,21,210,43,0.204761904761905
1.55,822,21090205,21,210,30,0.142857142857143
1.55,823,21091214,19,171,31,0.181286549707602
1.55,824,21092223,23,253,39,0.154150197628458
1.55,825,21093232,22,231,44,0.19047619047619
1.55,826,21094241,20,190,32,0.168421052631579
1.55,827,21095250,19,171,25,0.146198830409357
1.55,828,21096259,19,171,30,0.175438596491228
1.55,829,21097268,20,190,30,0.157894736842105
1.55,830,21098277,21,210,36,0.171428571428571
1.55,831,21099286,23,253,36,0.142292490118577
1.55,832,21100295,18,153,26,0.169934640522876
1.55,833,21101304,19,171,33,0.192982456140351
1.55,834,21102313,20,190,29,0.152631578947368
1.55,835,21103322,21,210,33,0.157142857142857
1.55,836,21104331,20,190,29,0.152631578947368
1.55,837,21105340,21,210,29,0.138095238095238
1.55,838,21106349,18,153,26,0.169934640522876
1.55,839,21107358,21,210,33,0.157142857142857
1.55,840,21108367,20,190,32,0.168421052631579
1.55,841,21109376,21,210,38,0.180952380952381
1.55,842,21110385,20,190,31,0.163157894736842
1.55,843,21111394,24,276,37,0.134057971014493
1.55,844,21112403,22,231,34,0.147186147186147
1.55,845,21113412,22,231,32,0.138528138528139
1.55,846,21114421,21,210,35,0.166666666666667
1.55,847,21115430,22,231,44,0.19047619047619
1.55,848,21116439,21,210,34,0.161904761904762
1.55,849,21117448,22,231,36,0.155844155844156
1.55,850,21118457,21,210,33,0.157142857142857
1.55,851,21119466,22,231,35,0.151515151515152
1.55,852,21120475,23,253,44,0.173913043478261
1.55,853,21121484,20,190,32,0.168421052631579
1.55,854,21122493,21,210,39,0.185714285714286
1.55,855,21123502,20,190,30,0.157894736842105
1.55,856,21124511,21,210,24,0.114285714285714
1.55,857,21125520,19,171,30,0.175438596491228
1.55,858,21126529,19,171,22,0.128654970760234
1.55,859,21127538,22,231,38,0.164502164502165
1.55,860,21128547,20,190,30,0.157894736842105
1.55,861,21129556,20,190,25,0.131578947368421
1.55,862,21130565,22,231,42,0.181818181818182
1.55,863,21131574,20,190,28,0.147368421052632
1.55,864,21132583,20,190,26,0.136842105263158
1.55,865,21133592,19,171,27,0.157894736842105
1.55,866,21134601,20,190,25,0.131578947368421
1.55,867,21135610,20,190,26,0.136842105263158
1.55,868,21136619,19,171,29,0.169590643274854
1.55,869,21137628,20,190,28,0.147368421052632
1.55,870,21138637,21,210,31,0.147619047619048
1.55,871,21139646,20,190,27,0.142105263157895
1.55,872,21140655,20,190,33,0.173684210526316
1.55,873,21141664,22,231,38,0.164502164502165
1.55,874,21142673,23,253,41,0.162055335968379
1.55,875,21143682,19,171,33,0.192982456140351
1.55,876,21144691,22,231,38,0.164502164502165
1.55,877,21145700,22,231,37,0.16017316017316
1.55,878,21146709,21,210,33,0.157142857142857
1.55,879,21147718,24,276,47,0.170289855072464
1.55,880,21148727,21,210,38,0.180952380952381
1.55,881,21149736,22,231,34,0.147186147186147
1.55,882,21150745,21,210,28,0.133333333333333
1.55,883,21151754,21,210,34,0.161904761904762
1.55,884,21152763,22,231,41,0.177489177489178
1.55,885,21153772,20,190,26,0.136842105263158
1.55,886,21154781,22,231,38,0.164502164502165
1.55,887,21155790,22,231,34,0.147186147186147
1.55,888,21156799,21,210,33,0.157142857142857
1.55,889,21157808,20,190,32,0.168421052631579
1.55,890,21158817,21,210,35,0.166666666666667
1.55,891,21159826,22,231,32,0.138528138528139
1.55,892,21160835,20,190,26,0.136842105263158
1.55,893,21161844,21,210,36,0.171428571428571
1.55,894,21162853,20,190,31,0.163157894736842
1.55,895,21163862,20,190,24,0.126315789473684
1.55,896,21164871,23,253,39,0.154150197628458
1.55,897,21165880,20,190,29,0.152631578947368
1.55,898,21166889,21,210,40,0.19047619047619
1.55,899,21167898,23,253,37,0.146245059288538
1.55,900,21168907,21,210,35,0.166666666666667
1.55,901,21169916,19,171,29,0.169590643274854
1.55,902,21170925,22,231,38,0.164502164502165
1.55,903,21171934,21,210,40,0.19047619047619
1.55,904,21172943,20,190,34,0.178947368421053
1.55,905,21173952,20,190,32,0.168421052631579
1.55,906,21174961,21,210,35,0.166666666666667
1.55,907,21175970,22,231,39,0.168831168831169
1.55,908,21176979,21,210,35,0.166666666666667
1.55,909,21177988,23,253,44,0.173913043478261
1.55,910,21178997,20,190,35,0.184210526315789
1.55,911,21180006,21,210,33,0.157142857142857
1.55,912,21181015,24,276,39,0.141304347826087
1.55,913,21182024,21,210,35,0.166666666666667
1.55,914,21183033,22,231,39,0.168831168831169
1.55,915,21184042,22,231,28,0.121212121212121
1.55,916,21185051,21,210,27,0.128571428571429
1.55,917,21186060,20,190,34,0.178947368421053
1.55,918,21187069,20,190,29,0.152631578947368
1.55,919,21188078,21,210,41,0.195238095238095
1.55,920,21189087,20,190,32,0.168421052631579
1.55,921,21190096,21,210,36,0.171428571428571
1.55,922,21191105,21,210,28,0.133333333333333
1.55,923,21192114,20,190,24,0.126315789473684
1.55,924,21193123,22,231,44,0.19047619047619
1.55,925,21194132,19,171,29,0.169590643274854
1.55,926,21195141,20,190,29,0.152631578947368
1.55,927,21196150,20,190,35,0.184210526315789
1.55,928,21197159,21,210,33,0.157142857142857
1.55,929,21198168,23,253,37,0.146245059288538
1.55,930,21199177,21,210,31,0.147619047619048
1.55,931,21200186,21,210,32,0.152380952380952
1.55,932,21201195,21,210,30,0.142857142857143
1.55,933,21202204,21,210,34,0.161904761904762
1.55,934,21203213,22,231,33,0.142857142857143
1.55,935,21204222,19,171,23,0.134502923976608
1.55,936,21205231,21,210,32,0.152380952380952
1.55,937,21206240,22,231,36,0.155844155844156
1.55,938,21207249,22,231,36,0.155844155844156
1.55,939,21208258,21,210,29,0.138095238095238
1.55,940,21209267,22,231,34,0.147186147186147
1.55,941,21210276,20,190,33,0.173684210526316
1.55,942,21211285,22,231,40,0.173160173160173
1.55,943,21212294,22,231,31,0.134199134199134
1.55,944,21213303,20,190,33,0.173684210526316
1.55,945,21214312,21,210,39,0.185714285714286
1.55,946,21215321,21,210,29,0.138095238095238
1.55,947,21216330,21,210,34,0.161904761904762
1.55,948,21217339,22,231,38,0.164502164502165
1.55,949,21218348,22,231,42,0.181818181818182
1.55,950,21219357,25,300,51,0.17
1.55,951,21220366,22,231,35,0.151515151515152
1.55,952,21221375,20,190,36,0.189473684210526
1.55,953,21222384,21,210,35,0.166666666666667
1.55,954,21223393,23,253,47,0.185770750988142
1.55,955,21224402,22,231,40,0.173160173160173
1.55,956,21225411,18,153,21,0.137254901960784
1.55,957,21226420,23,253,36,0.142292490118577
1.55,958,21227429,21,210,34,0.161904761904762
1.55,959,21228438,21,210,33,0.157142857142857
1.55,960,21229447,21,210,27,0.128571428571429
1.55,961,21230456,20,190,35,0.184210526315789
1.55,962,21231465,22,231,36,0.155844155844156
1.55,963,21232474,21,210,32,0.152380952380952
1.55,964,21233483,22,231,36,0.155844155844156
1.55,965,21234492,20,190,36,0.189473684210526
1.55,966,21235501,20,190,30,0.157894736842105
1.55,967,21236510,21,210,36,0.171428571428571
1.55,968,21237519,19,171,30,0.175438596491228
1.55,969,21238528,21,210,34,0.161904761904762
1.55,970,21239537,20,190,25,0.131578947368421
1.55,971,21240546,21,210,36,0.171428571428571
1.55,972,21241555,21,210,34,0.161904761904762
1.55,973,21242564,22,231,40,0.173160173160173
1.55,974,21243573,18,153,31,0.202614379084967
1.55,975,21244582,22,231,42,0.181818181818182
1.55,976,21245591,20,190,32,0.168421052631579
1.55,977,21246600,22,231,42,0.181818181818182
1.55,978,21247609,20,190,28,0.147368421052632
1.55,979,21248618,21,210,31,0.147619047619048
1.55,980,21249627,21,210,33,0.157142857142857
1.55,981,21250636,20,190,38,0.2
1.55,982,21251645,21,210,32,0.152380952380952
1.55,983,21252654,22,231,35,0.151515151515152
1.55,984,21253663,21,210,33,0.157142857142857
1.55,985,21254672,21,210,29,0.138095238095238
1.55,986,21255681,22,231,37,0.16017316017316
1.55,987,21256690,21,210,41,0.195238095238095
1.55,988,21257699,24,276,37,0.134057971014493
1.55,989,21258708,22,231,38,0.164502164502165
1.55,990,21259717,22,231,30,0.12987012987013
1.55,991,21260726,20,190,27,0.142105263157895
1.55,992,21261735,21,210,35,0.166666666666667
1.55,993,21262744,23,253,35,0.138339920948617
1.55,994,21263753,21,210,33,0.157142857142857
1.55,995,21264762,22,231,39,0.168831168831169
1.55,996,21265771,21,210,38,0.180952380952381
1.55,997,21266780,21,210,26,0.123809523809524
1.55,998,21267789,21,210,34,0.161904761904762
1.55,999,21268798,22,231,33,0.142857142857143
1.55,1000,21269807,22,231,37,0.16017316017316
1.6,1,20261816,19,171,28,0.16374269005848
1.6,2,20262825,19,171,18,0.105263157894737
1.6,3,20263834,20,190,28,0.147368421052632
1.6,4,20264843,20,190,26,0.136842105263158
1.6,5,20265852,18,153,26,0.169934640522876
1.6,6,20266861,19,171,29,0.169590643274854
1.6,7,20267870,21,210,38,0.180952380952381
1.6,8,20268879,19,171,29,0.169590643274854
1.6,9,20269888,22,231,34,0.147186147186147
1.6,10,20270897,24,276,41,0.148550724637681
1.6,11,20271906,19,171,22,0.128654970760234
1.6,12,20272915,19,171,25,0.146198830409357
1.6,13,20273924,19,171,23,0.134502923976608
1.6,14,20274933,22,231,36,0.155844155844156
1.6,15,20275942,19,171,29,0.169590643274854
1.6,16,20276951,21,210,33,0.157142857142857
1.6,17,20277960,19,171,26,0.152046783625731
1.6,18,20278969,19,171,25,0.146198830409357
1.6,19,20279978,19,171,28,0.16374269005848
1.6,20,20280987,19,171,28,0.16374269005848
1.6,21,20281996,20,190,27,0.142105263157895
1.6,22,20283005,18,153,24,0.156862745098039
1.6,23,20284014,20,190,32,0.168421052631579
1.6,24,20285023,18,153,23,0.150326797385621
1.6,25,20286032,21,210,33,0.157142857142857
1.6,26,20287041,19,171,33,0.192982456140351
1.6,27,20288050,19,171,23,0.134502923976608
1.6,28,20289059,24,276,47,0.170289855072464
1.6,29,20290068,21,210,36,0.171428571428571
1.6,30,20291077,18,153,20,0.130718954248366
1.6,31,20292086,18,153,32,0.209150326797386
1.6,32,20293095,19,171,32,0.187134502923977
1.6,33,20294104,21,210,37,0.176190476190476
1.6,34,20295113,19,171,32,0.187134502923977
1.6,35,20296122,18,153,27,0.176470588235294
1.6,36,20297131,21,210,40,0.19047619047619
1.6,37,20298140,20,190,31,0.163157894736842
1.6,38,20299149,19,171,28,0.16374269005848
1.6,39,20300158,19,171,29,0.169590643274854
1.6,40,20301167,18,153,24,0.156862745098039
1.6,41,20302176,19,171,30,0.175438596491228
1.6,42,20303185,19,171,21,0.12280701754386
1.6,43,20304194,21,210,33,0.157142857142857
1.6,44,20305203,20,190,33,0.173684210526316
1.6,45,20306212,21,210,27,0.128571428571429
1.6,46,20307221,19,171,32,0.187134502923977
1.6,47,20308230,19,171,24,0.140350877192982
1.6,48,20309239,21,210,33,0.157142857142857
1.6,49,20310248,20,190,28,0.147368421052632
1.6,50,20311257,21,210,32,0.152380952380952
1.6,51,20312266,16,120,18,0.15
1.6,52,20313275,19,171,30,0.175438596491228
1.6,53,20314284,21,210,33,0.157142857142857
1.6,54,20315293,20,190,27,0.142105263157895
1.6,55,20316302,22,231,36,0.155844155844156
1.6,56,20317311,16,120,16,0.133333333333333
1.6,57,20318320,21,210,35,0.166666666666667
1.6,58,20319329,21,210,42,0.2
1.6,59,20320338,19,171,37,0.216374269005848
1.6,60,20321347,19,171,31,0.181286549707602
1.6,61,20322356,19,171,23,0.134502923976608
1.6,62,20323365,20,190,30,0.157894736842105
1.6,63,20324374,20,190,33,0.173684210526316
1.6,64,20325383,23,253,42,0.16600790513834
1.6,65,20326392,17,136,26,0.191176470588235
1.6,66,20327401,17,136,21,0.154411764705882
1.6,67,20328410,18,153,17,0.111111111111111
1.6,68,20329419,17,136,19,0.139705882352941
1.6,69,20330428,20,190,28,0.147368421052632
1.6,70,20331437,19,171,24,0.140350877192982
1.6,71,20332446,17,136,23,0.169117647058824
1.6,72,20333455,20,190,30,0.157894736842105
1.6,73,20334464,22,231,31,0.134199134199134
1.6,74,20335473,20,190,26,0.136842105263158
1.6,75,20336482,19,171,27,0.157894736842105
1.6,76,20337491,19,171,33,0.192982456140351
1.6,77,20338500,19,171,30,0.175438596491228
1.6,78,20339509,20,190,29,0.152631578947368
1.6,79,20340518,20,190,35,0.184210526315789
1.6,80,20341527,21,210,38,0.180952380952381
1.6,81,20342536,17,136,21,0.154411764705882
1.6,82,20343545,19,171,28,0.16374269005848
1.6,83,20344554,19,171,26,0.152046783625731
1.6,84,20345563,20,190,32,0.168421052631579
1.6,85,20346572,19,171,29,0.169590643274854
1.6,86,20347581,21,210,29,0.138095238095238
1.6,87,20348590,19,171,23,0.134502923976608
1.6,88,20349599,19,171,23,0.134502923976608
1.6,89,20350608,20,190,29,0.152631578947368
1.6,90,20351617,20,190,31,0.163157894736842
1.6,91,20352626,21,210,41,0.195238095238095
1.6,92,20353635,19,171,34,0.198830409356725
1.6,93,20354644,19,171,23,0.134502923976608
1.6,94,20355653,21,210,39,0.185714285714286
1.6,95,20356662,21,210,32,0.152380952380952
1.6,96,20357671,19,171,28,0.16374269005848
1.6,97,20358680,20,190,27,0.142105263157895
1.6,98,20359689,20,190,28,0.147368421052632
1.6,99,20360698,22,231,36,0.155844155844156
1.6,100,20361707,20,190,31,0.163157894736842
1.6,101,20362716,21,210,30,0.142857142857143
1.6,102,20363725,16,120,18,0.15
1.6,103,20364734,18,153,26,0.169934640522876
1.6,104,20365743,18,153,24,0.156862745098039
1.6,105,20366752,19,171,29,0.169590643274854
1.6,106,20367761,21,210,30,0.142857142857143
1.6,107,20368770,20,190,32,0.168421052631579
1.6,108,20369779,20,190,30,0.157894736842105
1.6,109,20370788,20,190,29,0.152631578947368
1.6,110,20371797,18,153,24,0.156862745098039
1.6,111,20372806,19,171,25,0.146198830409357
1.6,112,20373815,21,210,34,0.161904761904762
1.6,113,20374824,20,190,31,0.163157894736842
1.6,114,20375833,20,190,27,0.142105263157895
1.6,115,20376842,19,171,32,0.187134502923977
1.6,116,20377851,20,190,34,0.178947368421053
1.6,117,20378860,20,190,31,0.163157894736842
1.6,118,20379869,19,171,32,0.187134502923977
1.6,119,20380878,20,190,33,0.173684210526316
1.6,120,20381887,20,190,31,0.163157894736842
1.6,121,20382896,20,190,28,0.147368421052632
1.6,122,20383905,19,171,28,0.16374269005848
1.6,123,20384914,21,210,34,0.161904761904762
1.6,124,20385923,21,210,36,0.171428571428571
1.6,125,20386932,20,190,28,0.147368421052632
1.6,126,20387941,19,171,27,0.157894736842105
1.6,127,20388950,18,153,28,0.183006535947712
1.6,128,20389959,20,190,31,0.163157894736842
1.6,129,20390968,17,136,21,0.154411764705882
1.6,130,20391977,19,171,28,0.16374269005848
1.6,131,20392986,20,190,30,0.157894736842105
1.6,132,20393995,19,171,22,0.128654970760234
1.6,133,20395004,20,190,31,0.163157894736842
1.6,134,20396013,22,231,30,0.12987012987013
1.6,135,20397022,17,136,22,0.161764705882353
1.6,136,20398031,18,153,26,0.169934640522876
1.6,137,20399040,20,190,31,0.163157894736842
1.6,138,20400049,22,231,34,0.147186147186147
1.6,139,20401058,18,153,23,0.150326797385621
1.6,140,20402067,20,190,30,0.157894736842105
1.6,141,20403076,20,190,25,0.131578947368421
1.6,142,20404085,21,210,39,0.185714285714286
1.6,143,20405094,16,120,19,0.158333333333333
1.6,144,20406103,19,171,27,0.157894736842105
1.6,145,20407112,20,190,34,0.178947368421053
1.6,146,20408121,19,171,29,0.169590643274854
1.6,147,20409130,16,120,21,0.175
1.6,148,20410139,19,171,26,0.152046783625731
1.6,149,20411148,22,231,39,0.168831168831169
1.6,150,20412157,21,210,33,0.157142857142857
1.6,151,20413166,20,190,24,0.126315789473684
1.6,152,20414175,20,190,24,0.126315789473684
1.6,153,20415184,24,276,45,0.16304347826087
1.6,154,20416193,21,210,34,0.161904761904762
1.6,155,20417202,19,171,28,0.16374269005848
1.6,156,20418211,20,190,34,0.178947368421053
1.6,157,20419220,19,171,26,0.152046783625731
1.6,158,20420229,19,171,32,0.187134502923977
1.6,159,20421238,18,153,25,0.163398692810458
1.6,160,20422247,16,120,20,0.166666666666667
1.6,161,20423256,18,153,24,0.156862745098039
1.6,162,20424265,22,231,35,0.151515151515152
1.6,163,20425274,19,171,24,0.140350877192982
1.6,164,20426283,20,190,29,0.152631578947368
1.6,165,20427292,20,190,38,0.2
1.6,166,20428301,18,153,26,0.169934640522876
1.6,167,20429310,21,210,40,0.19047619047619
1.6,168,20430319,22,231,37,0.16017316017316
1.6,169,20431328,22,231,34,0.147186147186147
1.6,170,20432337,19,171,32,0.187134502923977
1.6,171,20433346,18,153,29,0.189542483660131
1.6,172,20434355,20,190,31,0.163157894736842
1.6,173,20435364,20,190,33,0.173684210526316
1.6,174,20436373,20,190,30,0.157894736842105
1.6,175,20437382,17,136,26,0.191176470588235
1.6,176,20438391,20,190,29,0.152631578947368
1.6,177,20439400,21,210,29,0.138095238095238
1.6,178,20440409,22,231,33,0.142857142857143
1.6,179,20441418,18,153,29,0.189542483660131
1.6,180,20442427,19,171,28,0.16374269005848
1.6,181,20443436,16,120,23,0.191666666666667
1.6,182,20444445,22,231,37,0.16017316017316
1.6,183,20445454,20,190,30,0.157894736842105
1.6,184,20446463,18,153,25,0.163398692810458
1.6,185,20447472,20,190,28,0.147368421052632
1.6,186,20448481,19,171,29,0.169590643274854
1.6,187,20449490,19,171,29,0.169590643274854
1.6,188,20450499,18,153,22,0.143790849673203
1.6,189,20451508,20,190,30,0.157894736842105
1.6,190,20452517,18,153,26,0.169934640522876
1.6,191,20453526,18,153,28,0.183006535947712
1.6,192,20454535,19,171,25,0.146198830409357
1.6,193,20455544,20,190,31,0.163157894736842
1.6,194,20456553,20,190,32,0.168421052631579
1.6,195,20457562,21,210,30,0.142857142857143
1.6,196,20458571,21,210,29,0.138095238095238
1.6,197,20459580,19,171,25,0.146198830409357
1.6,198,20460589,20,190,37,0.194736842105263
1.6,199,20461598,17,136,22,0.161764705882353
1.6,200,20462607,18,153,31,0.202614379084967
1.6,201,20463616,19,171,27,0.157894736842105
1.6,202,20464625,18,153,24,0.156862745098039
1.6,203,20465634,21,210,30,0.142857142857143
1.6,204,20466643,19,171,23,0.134502923976608
1.6,205,20467652,18,153,21,0.137254901960784
1.6,206,20468661,17,136,19,0.139705882352941
1.6,207,20469670,21,210,30,0.142857142857143
1.6,208,20470679,18,153,22,0.143790849673203
1.6,209,20471688,18,153,27,0.176470588235294
1.6,210,20472697,20,190,34,0.178947368421053
1.6,211,20473706,19,171,25,0.146198830409357
1.6,212,20474715,20,190,27,0.142105263157895
1.6,213,20475724,21,210,33,0.157142857142857
1.6,214,20476733,18,153,23,0.150326797385621
1.6,215,20477742,20,190,27,0.142105263157895
1.6,216,20478751,22,231,36,0.155844155844156
1.6,217,20479760,18,153,32,0.209150326797386
1.6,218,20480769,18,153,30,0.196078431372549
1.6,219,20481778,20,190,35,0.184210526315789
1.6,220,20482787,20,190,33,0.173684210526316
1.6,221,20483796,22,231,33,0.142857142857143
1.6,222,20484805,23,253,40,0.158102766798419
1.6,223,20485814,17,136,17,0.125
1.6,224,20486823,20,190,32,0.168421052631579
1.6,225,20487832,19,171,28,0.16374269005848
1.6,226,20488841,20,190,28,0.147368421052632
1.6,227,20489850,18,153,26,0.169934640522876
1.6,228,20490859,19,171,25,0.146198830409357
1.6,229,20491868,20,190,35,0.184210526315789
1.6,230,20492877,20,190,23,0.121052631578947
1.6,231,20493886,20,190,26,0.136842105263158
1.6,232,20494895,18,153,22,0.143790849673203
1.6,233,20495904,20,190,32,0.168421052631579
1.6,234,20496913,21,210,33,0.157142857142857
1.6,235,20497922,20,190,27,0.142105263157895
1.6,236,20498931,19,171,26,0.152046783625731
1.6,237,20499940,23,253,36,0.142292490118577
1.6,238,20500949,20,190,23,0.121052631578947
1.6,239,20501958,21,210,28,0.133333333333333
1.6,240,20502967,19,171,28,0.16374269005848
1.6,241,20503976,19,171,26,0.152046783625731
1.6,242,20504985,19,171,28,0.16374269005848
1.6,243,20505994,17,136,25,0.183823529411765
1.6,244,20507003,23,253,41,0.162055335968379
1.6,245,20508012,21,210,27,0.128571428571429
1.6,246,20509021,21,210,30,0.142857142857143
1.6,247,20510030,21,210,28,0.133333333333333
1.6,248,20511039,19,171,31,0.181286549707602
1.6,249,20512048,18,153,27,0.176470588235294
1.6,250,20513057,17,136,23,0.169117647058824
1.6,251,20514066,17,136,21,0.154411764705882
1.6,252,20515075,19,171,36,0.210526315789474
1.6,253,20516084,19,171,37,0.216374269005848
1.6,254,20517093,18,153,25,0.163398692810458
1.6,255,20518102,20,190,32,0.168421052631579
1.6,256,20519111,19,171,29,0.169590643274854
1.6,257,20520120,22,231,36,0.155844155844156
1.6,258,20521129,19,171,25,0.146198830409357
1.6,259,20522138,18,153,26,0.169934640522876
1.6,260,20523147,20,190,26,0.136842105263158
1.6,261,20524156,21,210,33,0.157142857142857
1.6,262,20525165,18,153,19,0.124183006535948
1.6,263,20526174,22,231,35,0.151515151515152
1.6,264,20527183,21,210,30,0.142857142857143
1.6,265,20528192,18,153,23,0.150326797385621
1.6,266,20529201,21,210,36,0.171428571428571
1.6,267,20530210,19,171,28,0.16374269005848
1.6,268,20531219,21,210,32,0.152380952380952
1.6,269,20532228,17,136,20,0.147058823529412
1.6,270,20533237,18,153,27,0.176470588235294
1.6,271,20534246,23,253,38,0.150197628458498
1.6,272,20535255,19,171,28,0.16374269005848
1.6,273,20536264,21,210,35,0.166666666666667
1.6,274,20537273,18,153,24,0.156862745098039
1.6,275,20538282,19,171,26,0.152046783625731
1.6,276,20539291,20,190,31,0.163157894736842
1.6,277,20540300,19,171,27,0.157894736842105
1.6,278,20541309,19,171,24,0.140350877192982
1.6,279,20542318,23,253,40,0.158102766798419
1.6,280,20543327,22,231,33,0.142857142857143
1.6,281,20544336,18,153,27,0.176470588235294
1.6,282,20545345,20,190,31,0.163157894736842
1.6,283,20546354,20,190,32,0.168421052631579
1.6,284,20547363,19,171,29,0.169590643274854
1.6,285,20548372,17,136,20,0.147058823529412
1.6,286,20549381,21,210,32,0.152380952380952
1.6,287,20550390,21,210,42,0.2
1.6,288,20551399,19,171,24,0.140350877192982
1.6,289,20552408,19,171,26,0.152046783625731
1.6,290,20553417,20,190,33,0.173684210526316
1.6,291,20554426,20,190,29,0.152631578947368
1.6,292,20555435,20,190,38,0.2
1.6,293,20556444,19,171,30,0.175438596491228
1.6,294,20557453,22,231,36,0.155844155844156
1.6,295,20558462,21,210,31,0.147619047619048
1.6,296,20559471,20,190,33,0.173684210526316
1.6,297,20560480,17,136,23,0.169117647058824
1.6,298,20561489,22,231,34,0.147186147186147
1.6,299,20562498,20,190,36,0.189473684210526
1.6,300,20563507,20,190,27,0.142105263157895
1.6,301,20564516,19,171,25,0.146198830409357
1.6,302,20565525,20,190,30,0.157894736842105
1.6,303,20566534,23,253,42,0.16600790513834
1.6,304,20567543,19,171,21,0.12280701754386
1.6,305,20568552,19,171,25,0.146198830409357
1.6,306,20569561,19,171,27,0.157894736842105
1.6,307,20570570,20,190,28,0.147368421052632
1.6,308,20571579,20,190,29,0.152631578947368
1.6,309,20572588,18,153,23,0.150326797385621
1.6,310,20573597,17,136,26,0.191176470588235
1.6,311,20574606,19,171,30,0.175438596491228
1.6,312,20575615,21,210,38,0.180952380952381
1.6,313,20576624,20,190,38,0.2
1.6,314,20577633,18,153,20,0.130718954248366
1.6,315,20578642,21,210,34,0.161904761904762
1.6,316,20579651,19,171,29,0.169590643274854
1.6,317,20580660,19,171,22,0.128654970760234
1.6,318,20581669,19,171,27,0.157894736842105
1.6,319,20582678,21,210,30,0.142857142857143
1.6,320,20583687,21,210,33,0.157142857142857
1.6,321,20584696,18,153,23,0.150326797385621
1.6,322,20585705,18,153,24,0.156862745098039
1.6,323,20586714,18,153,20,0.130718954248366
1.6,324,20587723,19,171,23,0.134502923976608
1.6,325,20588732,19,171,24,0.140350877192982
1.6,326,20589741,18,153,26,0.169934640522876
1.6,327,20590750,21,210,30,0.142857142857143
1.6,328,20591759,21,210,32,0.152380952380952
1.6,329,20592768,22,231,38,0.164502164502165
1.6,330,20593777,18,153,26,0.169934640522876
1.6,331,20594786,20,190,28,0.147368421052632
1.6,332,20595795,22,231,32,0.138528138528139
1.6,333,20596804,19,171,29,0.169590643274854
1.6,334,20597813,20,190,24,0.126315789473684
1.6,335,20598822,19,171,30,0.175438596491228
1.6,336,20599831,21,210,39,0.185714285714286
1.6,337,20600840,21,210,37,0.176190476190476
1.6,338,20601849,20,190,26,0.136842105263158
1.6,339,20602858,18,153,27,0.176470588235294
1.6,340,20603867,20,190,39,0.205263157894737
1.6,341,20604876,22,231,40,0.173160173160173
1.6,342,20605885,19,171,28,0.16374269005848
1.6,343,20606894,18,153,26,0.169934640522876
1.6,344,20607903,21,210,39,0.185714285714286
1.6,345,20608912,17,136,20,0.147058823529412
1.6,346,20609921,18,153,24,0.156862745098039
1.6,347,20610930,20,190,31,0.163157894736842
1.6,348,20611939,19,171,24,0.140350877192982
1.6,349,20612948,21,210,39,0.185714285714286
1.6,350,20613957,22,231,31,0.134199134199134
1.6,351,20614966,19,171,31,0.181286549707602
1.6,352,20615975,21,210,36,0.171428571428571
1.6,353,20616984,21,210,34,0.161904761904762
1.6,354,20617993,17,136,20,0.147058823529412
1.6,355,20619002,20,190,28,0.147368421052632
1.6,356,20620011,20,190,30,0.157894736842105
1.6,357,20621020,21,210,35,0.166666666666667
1.6,358,20622029,22,231,42,0.181818181818182
1.6,359,20623038,19,171,30,0.175438596491228
1.6,360,20624047,21,210,34,0.161904761904762
1.6,361,20625056,18,153,27,0.176470588235294
1.6,362,20626065,18,153,26,0.169934640522876
1.6,363,20627074,18,153,30,0.196078431372549
1.6,364,20628083,19,171,21,0.12280701754386
1.6,365,20629092,20,190,41,0.215789473684211
1.6,366,20630101,19,171,21,0.12280701754386
1.6,367,20631110,20,190,34,0.178947368421053
1.6,368,20632119,19,171,29,0.169590643274854
1.6,369,20633128,18,153,25,0.163398692810458
1.6,370,20634137,21,210,30,0.142857142857143
1.6,371,20635146,20,190,36,0.189473684210526
1.6,372,20636155,20,190,29,0.152631578947368
1.6,373,20637164,17,136,23,0.169117647058824
1.6,374,20638173,19,171,29,0.169590643274854
1.6,375,20639182,19,171,24,0.140350877192982
1.6,376,20640191,21,210,35,0.166666666666667
1.6,377,20641200,17,136,24,0.176470588235294
1.6,378,20642209,22,231,39,0.168831168831169
1.6,379,20643218,18,153,23,0.150326797385621
1.6,380,20644227,19,171,36,0.210526315789474
1.6,381,20645236,20,190,33,0.173684210526316
1.6,382,20646245,16,120,21,0.175
1.6,383,20647254,20,190,29,0.152631578947368
1.6,384,20648263,18,153,24,0.156862745098039
1.6,385,20649272,19,171,25,0.146198830409357
1.6,386,20650281,20,190,35,0.184210526315789
1.6,387,20651290,19,171,29,0.169590643274854
1.6,388,20652299,19,171,21,0.12280701754386
1.6,389,20653308,22,231,37,0.16017316017316
1.6,390,20654317,18,153,29,0.189542483660131
1.6,391,20655326,18,153,23,0.150326797385621
1.6,392,20656335,20,190,24,0.126315789473684
1.6,393,20657344,21,210,29,0.138095238095238
1.6,394,20658353,19,171,26,0.152046783625731
1.6,395,20659362,16,120,21,0.175
1.6,396,20660371,21,210,33,0.157142857142857
1.6,397,20661380,18,153,27,0.176470588235294
1.6,398,20662389,21,210,36,0.171428571428571
1.6,399,20663398,19,171,26,0.152046783625731
1.6,400,20664407,19,171,26,0.152046783625731
1.6,401,20665416,19,171,28,0.16374269005848
1.6,402,20666425,19,171,26,0.152046783625731
1.6,403,20667434,19,171,27,0.157894736842105
1.6,404,20668443,21,210,32,0.152380952380952
1.6,405,20669452,19,171,31,0.181286549707602
1.6,406,20670461,18,153,32,0.209150326797386
1.6,407,20671470,22,231,36,0.155844155844156
1.6,408,20672479,18,153,27,0.176470588235294
1.6,409,20673488,20,190,35,0.184210526315789
1.6,410,20674497,20,190,24,0.126315789473684
1.6,411,20675506,18,153,24,0.156862745098039
1.6,412,20676515,18,153,29,0.189542483660131
1.6,413,20677524,19,171,27,0.157894736842105
1.6,414,20678533,18,153,23,0.150326797385621
1.6,415,20679542,21,210,33,0.157142857142857
1.6,416,20680551,21,210,34,0.161904761904762
1.6,417,20681560,20,190,32,0.168421052631579
1.6,418,20682569,22,231,38,0.164502164502165
1.6,419,20683578,22,231,43,0.186147186147186
1.6,420,20684587,17,136,24,0.176470588235294
1.6,421,20685596,22,231,34,0.147186147186147
1.6,422,20686605,19,171,30,0.175438596491228
1.6,423,20687614,18,153,29,0.189542483660131
1.6,424,20688623,21,210,33,0.157142857142857
1.6,425,20689632,19,171,26,0.152046783625731
1.6,426,20690641,18,153,26,0.169934640522876
1.6,427,20691650,20,190,34,0.178947368421053
1.6,428,20692659,20,190,22,0.115789473684211
1.6,429,20693668,19,171,31,0.181286549707602
1.6,430,20694677,17,136,24,0.176470588235294
1.6,431,20695686,19,171,29,0.169590643274854
1.6,432,20696695,21,210,28,0.133333333333333
1.6,433,20697704,21,210,32,0.152380952380952
1.6,434,20698713,18,153,28,0.183006535947712
1.6,435,20699722,20,190,36,0.189473684210526
1.6,436,20700731,18,153,27,0.176470588235294
1.6,437,20701740,20,190,28,0.147368421052632
1.6,438,20702749,19,171,28,0.16374269005848
1.6,439,20703758,18,153,31,0.202614379084967
1.6,440,20704767,19,171,26,0.152046783625731
1.6,441,20705776,19,171,29,0.169590643274854
1.6,442,20706785,21,210,32,0.152380952380952
1.6,443,20707794,19,171,32,0.187134502923977
1.6,444,20708803,18,153,24,0.156862745098039
1.6,445,20709812,21,210,38,0.180952380952381
1.6,446,20710821,17,136,23,0.169117647058824
1.6,447,20711830,22,231,38,0.164502164502165
1.6,448,20712839,17,136,24,0.176470588235294
1.6,449,20713848,20,190,27,0.142105263157895
1.6,450,20714857,18,153,25,0.163398692810458
1.6,451,20715866,20,190,35,0.184210526315789
1.6,452,20716875,19,171,28,0.16374269005848
1.6,453,20717884,18,153,28,0.183006535947712
1.6,454,20718893,19,171,29,0.169590643274854
1.6,455,20719902,19,171,25,0.146198830409357
1.6,456,20720911,19,171,28,0.16374269005848
1.6,457,20721920,20,190,38,0.2
1.6,458,20722929,19,171,24,0.140350877192982
1.6,459,20723938,20,190,26,0.136842105263158
1.6,460,20724947,19,171,26,0.152046783625731
1.6,461,20725956,20,190,32,0.168421052631579
1.6,462,20726965,18,153,28,0.183006535947712
1.6,463,20727974,19,171,30,0.175438596491228
1.6,464,20728983,18,153,27,0.176470588235294
1.6,465,20729992,17,136,18,0.132352941176471
1.6,466,20731001,20,190,30,0.157894736842105
1.6,467,20732010,21,210,35,0.166666666666667
1.6,468,20733019,19,171,30,0.175438596491228
1.6,469,20734028,18,153,24,0.156862745098039
1.6,470,20735037,18,153,28,0.183006535947712
1.6,471,20736046,19,171,30,0.175438596491228
1.6,472,20737055,21,210,31,0.147619047619048
1.6,473,20738064,21,210,34,0.161904761904762
1.6,474,20739073,19,171,30,0.175438596491228
1.6,475,20740082,19,171,30,0.175438596491228
1.6,476,20741091,20,190,33,0.173684210526316
1.6,477,20742100,21,210,33,0.157142857142857
1.6,478,20743109,19,171,24,0.140350877192982
1.6,479,20744118,20,190,26,0.136842105263158
1.6,480,20745127,20,190,39,0.205263157894737
1.6,481,20746136,18,153,19,0.124183006535948
1.6,482,20747145,20,190,30,0.157894736842105
1.6,483,20748154,22,231,33,0.142857142857143
1.6,484,20749163,18,153,21,0.137254901960784
1.6,485,20750172,19,171,26,0.152046783625731
1.6,486,20751181,18,153,23,0.150326797385621
1.6,487,20752190,23,253,31,0.122529644268775
1.6,488,20753199,19,171,27,0.157894736842105
1.6,489,20754208,18,153,24,0.156862745098039
1.6,490,20755217,18,153,27,0.176470588235294
1.6,491,20756226,21,210,35,0.166666666666667
1.6,492,20757235,20,190,33,0.173684210526316
1.6,493,20758244,21,210,31,0.147619047619048
1.6,494,20759253,17,136,25,0.183823529411765
1.6,495,20760262,21,210,36,0.171428571428571
1.6,496,20761271,20,190,27,0.142105263157895
1.6,497,20762280,18,153,24,0.156862745098039
1.6,498,20763289,17,136,24,0.176470588235294
1.6,499,20764298,19,171,28,0.16374269005848
1.6,500,20765307,19,171,31,0.181286549707602
1.6,501,20766316,18,153,19,0.124183006535948
1.6,502,20767325,19,171,28,0.16374269005848
1.6,503,20768334,19,171,21,0.12280701754386
1.6,504,20769343,19,171,32,0.187134502923977
1.6,505,20770352,21,210,33,0.157142857142857
1.6,506,20771361,20,190,30,0.157894736842105
1.6,507,20772370,18,153,27,0.176470588235294
1.6,508,20773379,19,171,21,0.12280701754386
1.6,509,20774388,18,153,24,0.156862745098039
1.6,510,20775397,20,190,37,0.194736842105263
1.6,511,20776406,20,190,33,0.173684210526316
1.6,512,20777415,20,190,30,0.157894736842105
1.6,513,20778424,20,190,32,0.168421052631579
1.6,514,20779433,20,190,25,0.131578947368421
1.6,515,20780442,18,153,27,0.176470588235294
1.6,516,20781451,19,171,26,0.152046783625731
1.6,517,20782460,20,190,37,0.194736842105263
1.6,518,20783469,20,190,29,0.152631578947368
1.6,519,20784478,18,153,24,0.156862745098039
1.6,520,20785487,21,210,31,0.147619047619048
1.6,521,20786496,18,153,24,0.156862745098039
1.6,522,20787505,20,190,30,0.157894736842105
1.6,523,20788514,20,190,33,0.173684210526316
1.6,524,20789523,18,153,23,0.150326797385621
1.6,525,20790532,19,171,26,0.152046783625731
1.6,526,20791541,17,136,17,0.125
1.6,527,20792550,18,153,25,0.163398692810458
1.6,528,20793559,19,171,21,0.12280701754386
1.6,529,20794568,22,231,41,0.177489177489178
1.6,530,20795577,18,153,25,0.163398692810458
1.6,531,20796586,20,190,28,0.147368421052632
1.6,532,20797595,19,171,30,0.175438596491228
1.6,533,20798604,19,171,26,0.152046783625731
1.6,534,20799613,19,171,33,0.192982456140351
1.6,535,20800622,20,190,30,0.157894736842105
1.6,536,20801631,18,153,29,0.189542483660131
1.6,537,20802640,20,190,35,0.184210526315789
1.6,538,20803649,19,171,29,0.169590643274854
1.6,539,20804658,19,171,28,0.16374269005848
1.6,540,20805667,18,153,24,0.156862745098039
1.6,541,20806676,18,153,25,0.163398692810458
1.6,542,20807685,21,210,33,0.157142857142857
1.6,543,20808694,20,190,33,0.173684210526316
1.6,544,20809703,17,136,23,0.169117647058824
1.6,545,20810712,19,171,21,0.12280701754386
1.6,546,20811721,18,153,28,0.183006535947712
1.6,547,20812730,18,153,28,0.183006535947712
1.6,548,20813739,19,171,26,0.152046783625731
1.6,549,20814748,20,190,35,0.184210526315789
1.6,550,20815757,20,190,36,0.189473684210526
1.6,551,20816766,19,171,29,0.169590643274854
1.6,552,20817775,17,136,21,0.154411764705882
1.6,553,20818784,21,210,36,0.171428571428571
1.6,554,20819793,19,171,30,0.175438596491228
1.6,555,20820802,19,171,23,0.134502923976608
1.6,556,20821811,15,105,12,0.114285714285714
1.6,557,20822820,20,190,32,0.168421052631579
1.6,558,20823829,19,171,25,0.146198830409357
1.6,559,20824838,20,190,24,0.126315789473684
1.6,560,20825847,19,171,28,0.16374269005848
1.6,561,20826856,21,210,36,0.171428571428571
1.6,562,20827865,19,171,22,0.128654970760234
1.6,563,20828874,20,190,29,0.152631578947368
1.6,564,20829883,20,190,30,0.157894736842105
1.6,565,20830892,18,153,28,0.183006535947712
1.6,566,20831901,18,153,22,0.143790849673203
1.6,567,20832910,19,171,27,0.157894736842105
1.6,568,20833919,18,153,23,0.150326797385621
1.6,569,20834928,20,190,27,0.142105263157895
1.6,570,20835937,18,153,20,0.130718954248366
1.6,571,20836946,19,171,37,0.216374269005848
1.6,572,20837955,19,171,33,0.192982456140351
1.6,573,20838964,19,171,25,0.146198830409357
1.6,574,20839973,19,171,25,0.146198830409357
1.6,575,20840982,20,190,30,0.157894736842105
1.6,576,20841991,19,171,32,0.187134502923977
1.6,577,20843000,18,153,22,0.143790849673203
1.6,578,20844009,20,190,35,0.184210526315789
1.6,579,20845018,20,190,28,0.147368421052632
1.6,580,20846027,21,210,34,0.161904761904762
1.6,581,20847036,21,210,30,0.142857142857143
1.6,582,20848045,20,190,35,0.184210526315789
1.6,583,20849054,19,171,31,0.181286549707602
1.6,584,20850063,20,190,34,0.178947368421053
1.6,585,20851072,18,153,24,0.156862745098039
1.6,586,20852081,20,190,32,0.168421052631579
1.6,587,20853090,20,190,34,0.178947368421053
1.6,588,20854099,20,190,35,0.184210526315789
1.6,589,20855108,20,190,31,0.163157894736842
1.6,590,20856117,20,190,24,0.126315789473684
1.6,591,20857126,22,231,36,0.155844155844156
1.6,592,20858135,19,171,27,0.157894736842105
1.6,593,20859144,17,136,23,0.169117647058824
1.6,594,20860153,19,171,31,0.181286549707602
1.6,595,20861162,21,210,32,0.152380952380952
1.6,596,20862171,16,120,20,0.166666666666667
1.6,597,20863180,20,190,32,0.168421052631579
1.6,598,20864189,19,171,33,0.192982456140351
1.6,599,20865198,19,171,23,0.134502923976608
1.6,600,20866207,19,171,28,0.16374269005848
1.6,601,20867216,20,190,26,0.136842105263158
1.6,602,20868225,19,171,35,0.204678362573099
1.6,603,20869234,21,210,34,0.161904761904762
1.6,604,20870243,20,190,32,0.168421052631579
1.6,605,20871252,20,190,26,0.136842105263158
1.6,606,20872261,20,190,26,0.136842105263158
1.6,607,20873270,20,190,34,0.178947368421053
1.6,608,20874279,23,253,41,0.162055335968379
1.6,609,20875288,20,190,39,0.205263157894737
1.6,610,20876297,19,171,27,0.157894736842105
1.6,611,20877306,19,171,28,0.16374269005848
1.6,612,20878315,19,171,36,0.210526315789474
1.6,613,20879324,19,171,28,0.16374269005848
1.6,614,20880333,20,190,32,0.168421052631579
1.6,615,20881342,20,190,29,0.152631578947368
1.6,616,20882351,19,171,27,0.157894736842105
1.6,617,20883360,20,190,32,0.168421052631579
1.6,618,20884369,19,171,25,0.146198830409357
1.6,619,20885378,22,231,37,0.16017316017316
1.6,620,20886387,19,171,30,0.175438596491228
1.6,621,20887396,19,171,29,0.169590643274854
1.6,622,20888405,18,153,23,0.150326797385621
1.6,623,20889414,22,231,37,0.16017316017316
1.6,624,20890423,17,136,23,0.169117647058824
1.6,625,20891432,21,210,40,0.19047619047619
1.6,626,20892441,18,153,23,0.150326797385621
1.6,627,20893450,21,210,29,0.138095238095238
1.6,628,20894459,18,153,22,0.143790849673203
1.6,629,20895468,20,190,34,0.178947368421053
1.6,630,20896477,19,171,23,0.134502923976608
1.6,631,20897486,18,153,19,0.124183006535948
1.6,632,20898495,19,171,24,0.140350877192982
1.6,633,20899504,19,171,25,0.146198830409357
1.6,634,20900513,20,190,35,0.184210526315789
1.6,635,20901522,19,171,33,0.192982456140351
1.6,636,20902531,20,190,30,0.157894736842105
1.6,637,20903540,19,171,30,0.175438596491228
1.6,638,20904549,21,210,36,0.171428571428571
1.6,639,20905558,20,190,29,0.152631578947368
1.6,640,20906567,21,210,28,0.133333333333333
1.6,641,20907576,19,171,28,0.16374269005848
1.6,642,20908585,17,136,23,0.169117647058824
1.6,643,20909594,21,210,34,0.161904761904762
1.6,644,20910603,23,253,43,0.1699604743083
1.6,645,20911612,19,171,25,0.146198830409357
1.6,646,20912621,19,171,27,0.157894736842105
1.6,647,20913630,17,136,24,0.176470588235294
1.6,648,20914639,19,171,28,0.16374269005848
1.6,649,20915648,18,153,24,0.156862745098039
1.6,650,20916657,19,171,25,0.146198830409357
1.6,651,20917666,21,210,26,0.123809523809524
1.6,652,20918675,17,136,17,0.125
1.6,653,20919684,19,171,25,0.146198830409357
1.6,654,20920693,20,190,26,0.136842105263158
1.6,655,20921702,20,190,29,0.152631578947368
1.6,656,20922711,18,153,23,0.150326797385621
1.6,657,20923720,19,171,26,0.152046783625731
1.6,658,20924729,20,190,25,0.131578947368421
1.6,659,20925738,20,190,32,0.168421052631579
1.6,660,20926747,19,171,24,0.140350877192982
1.6,661,20927756,22,231,41,0.177489177489178
1.6,662,20928765,18,153,27,0.176470588235294
1.6,663,20929774,21,210,34,0.161904761904762
1.6,664,20930783,18,153,24,0.156862745098039
1.6,665,20931792,18,153,27,0.176470588235294
1.6,666,20932801,20,190,27,0.142105263157895
1.6,667,20933810,18,153,28,0.183006535947712
1.6,668,20934819,18,153,23,0.150326797385621
1.6,669,20935828,21,210,34,0.161904761904762
1.6,670,20936837,18,153,24,0.156862745098039
1.6,671,20937846,20,190,28,0.147368421052632
1.6,672,20938855,22,231,43,0.186147186147186
1.6,673,20939864,19,171,25,0.146198830409357
1.6,674,20940873,21,210,30,0.142857142857143
1.6,675,20941882,21,210,36,0.171428571428571
1.6,676,20942891,22,231,43,0.186147186147186
1.6,677,20943900,18,153,26,0.169934640522876
1.6,678,20944909,18,153,24,0.156862745098039
1.6,679,20945918,18,153,25,0.163398692810458
1.6,680,20946927,19,171,27,0.157894736842105
1.6,681,20947936,21,210,32,0.152380952380952
1.6,682,20948945,16,120,22,0.183333333333333
1.6,683,20949954,20,190,36,0.189473684210526
1.6,684,20950963,18,153,27,0.176470588235294
1.6,685,20951972,18,153,28,0.183006535947712
1.6,686,20952981,20,190,31,0.163157894736842
1.6,687,20953990,18,153,21,0.137254901960784
1.6,688,20954999,19,171,27,0.157894736842105
1.6,689,20956008,19,171,27,0.157894736842105
1.6,690,20957017,19,171,29,0.169590643274854
1.6,691,20958026,20,190,31,0.163157894736842
1.6,692,20959035,22,231,38,0.164502164502165
1.6,693,20960044,20,190,35,0.184210526315789
1.6,694,20961053,20,190,32,0.168421052631579
1.6,695,20962062,20,190,31,0.163157894736842
1.6,696,20963071,17,136,19,0.139705882352941
1.6,697,20964080,17,136,23,0.169117647058824
1.6,698,20965089,20,190,22,0.115789473684211
1.6,699,20966098,19,171,28,0.16374269005848
1.6,700,20967107,20,190,29,0.152631578947368
1.6,701,20968116,22,231,34,0.147186147186147
1.6,702,20969125,20,190,31,0.163157894736842
1.6,703,20970134,17,136,18,0.132352941176471
1.6,704,20971143,19,171,23,0.134502923976608
1.6,705,20972152,20,190,28,0.147368421052632
1.6,706,20973161,20,190,24,0.126315789473684
1.6,707,20974170,19,171,31,0.181286549707602
1.6,708,20975179,19,171,34,0.198830409356725
1.6,709,20976188,21,210,35,0.166666666666667
1.6,710,20977197,19,171,31,0.181286549707602
1.6,711,20978206,21,210,30,0.142857142857143
1.6,712,20979215,19,171,25,0.146198830409357
1.6,713,20980224,19,171,26,0.152046783625731
1.6,714,20981233,21,210,39,0.185714285714286
1.6,715,20982242,19,171,30,0.175438596491228
1.6,716,20983251,18,153,24,0.156862745098039
1.6,717,20984260,20,190,28,0.147368421052632
1.6,718,20985269,19,171,25,0.146198830409357
1.6,719,20986278,18,153,27,0.176470588235294
1.6,720,20987287,19,171,30,0.175438596491228
1.6,721,20988296,21,210,30,0.142857142857143
1.6,722,20989305,20,190,28,0.147368421052632
1.6,723,20990314,17,136,25,0.183823529411765
1.6,724,20991323,22,231,36,0.155844155844156
1.6,725,20992332,19,171,28,0.16374269005848
1.6,726,20993341,22,231,37,0.16017316017316
1.6,727,20994350,19,171,25,0.146198830409357
1.6,728,20995359,21,210,37,0.176190476190476
1.6,729,20996368,18,153,27,0.176470588235294
1.6,730,20997377,23,253,42,0.16600790513834
1.6,731,20998386,19,171,28,0.16374269005848
1.6,732,20999395,19,171,20,0.116959064327485
1.6,733,21000404,20,190,29,0.152631578947368
1.6,734,21001413,19,171,27,0.157894736842105
1.6,735,21002422,20,190,30,0.157894736842105
1.6,736,21003431,22,231,37,0.16017316017316
1.6,737,21004440,18,153,20,0.130718954248366
1.6,738,21005449,20,190,35,0.184210526315789
1.6,739,21006458,18,153,19,0.124183006535948
1.6,740,21007467,19,171,32,0.187134502923977
1.6,741,21008476,19,171,33,0.192982456140351
1.6,742,21009485,21,210,34,0.161904761904762
1.6,743,21010494,20,190,24,0.126315789473684
1.6,744,21011503,21,210,32,0.152380952380952
1.6,745,21012512,19,171,29,0.169590643274854
1.6,746,21013521,20,190,31,0.163157894736842
1.6,747,21014530,20,190,30,0.157894736842105
1.6,748,21015539,17,136,25,0.183823529411765
1.6,749,21016548,17,136,22,0.161764705882353
1.6,750,21017557,20,190,34,0.178947368421053
1.6,751,21018566,19,171,25,0.146198830409357
1.6,752,21019575,19,171,34,0.198830409356725
1.6,753,21020584,17,136,20,0.147058823529412
1.6,754,21021593,19,171,23,0.134502923976608
1.6,755,21022602,23,253,42,0.16600790513834
1.6,756,21023611,21,210,34,0.161904761904762
1.6,757,21024620,20,190,29,0.152631578947368
1.6,758,21025629,20,190,34,0.178947368421053
1.6,759,21026638,17,136,23,0.169117647058824
1.6,760,21027647,21,210,34,0.161904761904762
1.6,761,21028656,17,136,24,0.176470588235294
1.6,762,21029665,21,210,33,0.157142857142857
1.6,763,21030674,22,231,37,0.16017316017316
1.6,764,21031683,19,171,30,0.175438596491228
1.6,765,21032692,21,210,29,0.138095238095238
1.6,766,21033701,21,210,35,0.166666666666667
1.6,767,21034710,21,210,35,0.166666666666667
1.6,768,21035719,19,171,26,0.152046783625731
1.6,769,21036728,20,190,31,0.163157894736842
1.6,770,21037737,20,190,32,0.168421052631579
1.6,771,21038746,19,171,26,0.152046783625731
1.6,772,21039755,19,171,20,0.116959064327485
1.6,773,21040764,22,231,39,0.168831168831169
1.6,774,21041773,21,210,34,0.161904761904762
1.6,775,21042782,21,210,32,0.152380952380952
1.6,776,21043791,18,153,22,0.143790849673203
1.6,777,21044800,21,210,26,0.123809523809524
1.6,778,21045809,20,190,33,0.173684210526316
1.6,779,21046818,22,231,39,0.168831168831169
1.6,780,21047827,16,120,15,0.125
1.6,781,21048836,20,190,30,0.157894736842105
1.6,782,21049845,20,190,31,0.163157894736842
1.6,783,21050854,19,171,22,0.128654970760234
1.6,784,21051863,19,171,30,0.175438596491228
1.6,785,21052872,18,153,30,0.196078431372549
1.6,786,21053881,21,210,35,0.166666666666667
1.6,787,21054890,20,190,26,0.136842105263158
1.6,788,21055899,19,171,35,0.204678362573099
1.6,789,21056908,19,171,30,0.175438596491228
1.6,790,21057917,21,210,36,0.171428571428571
1.6,791,21058926,17,136,24,0.176470588235294
1.6,792,21059935,20,190,26,0.136842105263158
1.6,793,21060944,19,171,33,0.192982456140351
1.6,794,21061953,20,190,35,0.184210526315789
1.6,795,21062962,21,210,33,0.157142857142857
1.6,796,21063971,19,171,33,0.192982456140351
1.6,797,21064980,17,136,22,0.161764705882353
1.6,798,21065989,19,171,19,0.111111111111111
1.6,799,21066998,18,153,26,0.169934640522876
1.6,800,21068007,22,231,34,0.147186147186147
1.6,801,21069016,22,231,37,0.16017316017316
1.6,802,21070025,17,136,19,0.139705882352941
1.6,803,21071034,18,153,25,0.163398692810458
1.6,804,21072043,22,231,33,0.142857142857143
1.6,805,21073052,19,171,26,0.152046783625731
1.6,806,21074061,20,190,38,0.2
1.6,807,21075070,19,171,32,0.187134502923977
1.6,808,21076079,22,231,39,0.168831168831169
1.6,809,21077088,16,120,19,0.158333333333333
1.6,810,21078097,21,210,30,0.142857142857143
1.6,811,21079106,20,190,28,0.147368421052632
1.6,812,21080115,19,171,31,0.181286549707602
1.6,813,21081124,18,153,26,0.169934640522876
1.6,814,21082133,20,190,23,0.121052631578947
1.6,815,21083142,22,231,39,0.168831168831169
1.6,816,21084151,19,171,25,0.146198830409357
1.6,817,21085160,22,231,41,0.177489177489178
1.6,818,21086169,20,190,26,0.136842105263158
1.6,819,21087178,21,210,32,0.152380952380952
1.6,820,21088187,18,153,26,0.169934640522876
1.6,821,21089196,18,153,25,0.163398692810458
1.6,822,21090205,20,190,32,0.168421052631579
1.6,823,21091214,19,171,33,0.192982456140351
1.6,824,21092223,19,171,32,0.187134502923977
1.6,825,21093232,21,210,30,0.142857142857143
1.6,826,21094241,18,153,22,0.143790849673203
1.6,827,21095250,19,171,27,0.157894736842105
1.6,828,21096259,20,190,29,0.152631578947368
1.6,829,21097268,21,210,35,0.166666666666667
1.6,830,21098277,20,190,36,0.189473684210526
1.6,831,21099286,20,190,28,0.147368421052632
1.6,832,21100295,17,136,25,0.183823529411765
1.6,833,21101304,18,153,31,0.202614379084967
1.6,834,21102313,20,190,30,0.157894736842105
1.6,835,21103322,18,153,19,0.124183006535948
1.6,836,21104331,20,190,28,0.147368421052632
1.6,837,21105340,18,153,24,0.156862745098039
1.6,838,21106349,17,136,23,0.169117647058824
1.6,839,21107358,21,210,40,0.19047619047619
1.6,840,21108367,18,153,27,0.176470588235294
1.6,841,21109376,18,153,28,0.183006535947712
1.6,842,21110385,20,190,27,0.142105263157895
1.6,843,21111394,22,231,34,0.147186147186147
1.6,844,21112403,19,171,31,0.181286549707602
1.6,845,21113412,20,190,27,0.142105263157895
1.6,846,21114421,19,171,30,0.175438596491228
1.6,847,21115430,20,190,30,0.157894736842105
1.6,848,21116439,18,153,23,0.150326797385621
1.6,849,21117448,23,253,44,0.173913043478261
1.6,850,21118457,19,171,25,0.146198830409357
1.6,851,21119466,21,210,35,0.166666666666667
1.6,852,21120475,21,210,33,0.157142857142857
1.6,853,21121484,18,153,28,0.183006535947712
1.6,854,21122493,21,210,37,0.176190476190476
1.6,855,21123502,18,153,31,0.202614379084967
1.6,856,21124511,21,210,25,0.119047619047619
1.6,857,21125520,17,136,21,0.154411764705882
1.6,858,21126529,18,153,30,0.196078431372549
1.6,859,21127538,21,210,30,0.142857142857143
1.6,860,21128547,20,190,29,0.152631578947368
1.6,861,21129556,19,171,20,0.116959064327485
1.6,862,21130565,20,190,40,0.210526315789474
1.6,863,21131574,19,171,21,0.12280701754386
1.6,864,21132583,18,153,24,0.156862745098039
1.6,865,21133592,20,190,32,0.168421052631579
1.6,866,21134601,19,171,23,0.134502923976608
1.6,867,21135610,19,171,22,0.128654970760234
1.6,868,21136619,19,171,25,0.146198830409357
1.6,869,21137628,20,190,27,0.142105263157895
1.6,870,21138637,20,190,30,0.157894736842105
1.6,871,21139646,19,171,23,0.134502923976608
1.6,872,21140655,20,190,33,0.173684210526316
1.6,873,21141664,21,210,37,0.176190476190476
1.6,874,21142673,23,253,41,0.162055335968379
1.6,875,21143682,20,190,35,0.184210526315789
1.6,876,21144691,20,190,28,0.147368421052632
1.6,877,21145700,20,190,36,0.189473684210526
1.6,878,21146709,18,153,26,0.169934640522876
1.6,879,21147718,21,210,38,0.180952380952381
1.6,880,21148727,21,210,38,0.180952380952381
1.6,881,21149736,21,210,30,0.142857142857143
1.6,882,21150745,20,190,25,0.131578947368421
1.6,883,21151754,18,153,24,0.156862745098039
1.6,884,21152763,21,210,32,0.152380952380952
1.6,885,21153772,19,171,23,0.134502923976608
1.6,886,21154781,19,171,23,0.134502923976608
1.6,887,21155790,19,171,26,0.152046783625731
1.6,888,21156799,20,190,28,0.147368421052632
1.6,889,21157808,20,190,33,0.173684210526316
1.6,890,21158817,22,231,32,0.138528138528139
1.6,891,21159826,21,210,34,0.161904761904762
1.6,892,21160835,18,153,20,0.130718954248366
1.6,893,21161844,20,190,31,0.163157894736842
1.6,894,21162853,18,153,22,0.143790849673203
1.6,895,21163862,20,190,25,0.131578947368421
1.6,896,21164871,17,136,25,0.183823529411765
1.6,897,21165880,18,153,23,0.150326797385621
1.6,898,21166889,20,190,36,0.189473684210526
1.6,899,21167898,24,276,43,0.155797101449275
1.6,900,21168907,21,210,33,0.157142857142857
1.6,901,21169916,17,136,22,0.161764705882353
1.6,902,21170925,22,231,36,0.155844155844156
1.6,903,21171934,16,120,19,0.158333333333333
1.6,904,21172943,19,171,31,0.181286549707602
1.6,905,21173952,19,171,29,0.169590643274854
1.6,906,21174961,19,171,29,0.169590643274854
1.6,907,21175970,19,171,32,0.187134502923977
1.6,908,21176979,21,210,36,0.171428571428571
1.6,909,21177988,20,190,36,0.189473684210526
1.6,910,21178997,17,136,25,0.183823529411765
1.6,911,21180006,20,190,27,0.142105263157895
1.6,912,21181015,21,210,29,0.138095238095238
1.6,913,21182024,20,190,39,0.205263157894737
1.6,914,21183033,18,153,29,0.189542483660131
1.6,915,21184042,20,190,24,0.126315789473684
1.6,916,21185051,18,153,21,0.137254901960784
1.6,917,21186060,18,153,31,0.202614379084967
1.6,918,21187069,20,190,28,0.147368421052632
1.6,919,21188078,18,153,27,0.176470588235294
1.6,920,21189087,19,171,31,0.181286549707602
1.6,921,21190096,18,153,21,0.137254901960784
1.6,922,21191105,19,171,23,0.134502923976608
1.6,923,21192114,20,190,26,0.136842105263158
1.6,924,21193123,20,190,38,0.2
1.6,925,21194132,18,153,26,0.169934640522876
1.6,926,21195141,20,190,27,0.142105263157895
1.6,927,21196150,18,153,29,0.189542483660131
1.6,928,21197159,17,136,24,0.176470588235294
1.6,929,21198168,22,231,40,0.173160173160173
1.6,930,21199177,19,171,23,0.134502923976608
1.6,931,21200186,21,210,31,0.147619047619048
1.6,932,21201195,20,190,27,0.142105263157895
1.6,933,21202204,20,190,31,0.163157894736842
1.6,934,21203213,21,210,29,0.138095238095238
1.6,935,21204222,19,171,18,0.105263157894737
1.6,936,21205231,20,190,34,0.178947368421053
1.6,937,21206240,19,171,25,0.146198830409357
1.6,938,21207249,20,190,31,0.163157894736842
1.6,939,21208258,20,190,30,0.157894736842105
1.6,940,21209267,22,231,36,0.155844155844156
1.6,941,21210276,18,153,28,0.183006535947712
1.6,942,21211285,18,153,26,0.169934640522876
1.6,943,21212294,21,210,28,0.133333333333333
1.6,944,21213303,21,210,35,0.166666666666667
1.6,945,21214312,21,210,34,0.161904761904762
1.6,946,21215321,20,190,28,0.147368421052632
1.6,947,21216330,19,171,27,0.157894736842105
1.6,948,21217339,18,153,18,0.117647058823529
1.6,949,21218348,21,210,37,0.176190476190476
1.6,950,21219357,20,190,36,0.189473684210526
1.6,951,21220366,21,210,31,0.147619047619048
1.6,952,21221375,19,171,29,0.169590643274854
1.6,953,21222384,17,136,25,0.183823529411765
1.6,954,21223393,21,210,37,0.176190476190476
1.6,955,21224402,21,210,38,0.180952380952381
1.6,956,21225411,16,120,20,0.166666666666667
1.6,957,21226420,21,210,30,0.142857142857143
1.6,958,21227429,20,190,31,0.163157894736842
1.6,959,21228438,20,190,35,0.184210526315789
1.6,960,21229447,18,153,21,0.137254901960784
1.6,961,21230456,20,190,32,0.168421052631579
1.6,962,21231465,21,210,36,0.171428571428571
1.6,963,21232474,18,153,24,0.156862745098039
1.6,964,21233483,21,210,33,0.157142857142857
1.6,965,21234492,18,153,27,0.176470588235294
1.6,966,21235501,21,210,29,0.138095238095238
1.6,967,21236510,21,210,33,0.157142857142857
1.6,968,21237519,19,171,28,0.16374269005848
1.6,969,21238528,19,171,25,0.146198830409357
1.6,970,21239537,18,153,18,0.117647058823529
1.6,971,21240546,18,153,22,0.143790849673203
1.6,972,21241555,19,171,27,0.157894736842105
1.6,973,21242564,20,190,32,0.168421052631579
1.6,974,21243573,17,136,25,0.183823529411765
1.6,975,21244582,18,153,25,0.163398692810458
1.6,976,21245591,20,190,31,0.163157894736842
1.6,977,21246600,18,153,30,0.196078431372549
1.6,978,21247609,18,153,25,0.163398692810458
1.6,979,21248618,19,171,24,0.140350877192982
1.6,980,21249627,19,171,31,0.181286549707602
1.6,981,21250636,21,210,38,0.180952380952381
1.6,982,21251645,20,190,31,0.163157894736842
1.6,983,21252654,21,210,34,0.161904761904762
1.6,984,21253663,20,190,37,0.194736842105263
1.6,985,21254672,18,153,28,0.183006535947712
1.6,986,21255681,22,231,37,0.16017316017316
1.6,987,21256690,19,171,35,0.204678362573099
1.6,988,21257699,22,231,37,0.16017316017316
1.6,989,21258708,19,171,24,0.140350877192982
1.6,990,21259717,21,210,30,0.142857142857143
1.6,991,21260726,18,153,25,0.163398692810458
1.6,992,21261735,19,171,30,0.175438596491228
1.6,993,21262744,23,253,38,0.150197628458498
1.6,994,21263753,20,190,26,0.136842105263158
1.6,995,21264762,19,171,24,0.140350877192982
1.6,996,21265771,21,210,32,0.152380952380952
1.6,997,21266780,19,171,20,0.116959064327485
1.6,998,21267789,19,171,27,0.157894736842105
1.6,999,21268798,18,153,28,0.183006535947712
1.6,1000,21269807,19,171,24,0.140350877192982
